:020000040800F2
:10000000C818002089840008811B0008831B000891
:10001000871B00088B1B00088F1B000800000000D6
:10002000000000000000000000000000931B00081A
:10003000951B000800000000971B0008991B000892
:10004000A3840008A3840008A3840008A3840008F4
:10005000A3840008A3840008A3840008A3840008E4
:10006000A3840008A3840008A3840008A3840008D4
:10007000A3840008A38400088D5A0008E55E0008E8
:10008000A38400087F570008A3840008A384000805
:10009000A3840008A3840008A3840008A3840008A4
:1000A00013700008A3840008A3840008A384000838
:1000B000C36A0008A3840008A3840008A38400087E
:1000C000A3840008A3840008A3840008A384000874
:1000D000A3840008FD51000853560008415A000847
:1000E000A3840008A3840008A3840008A384000854
:1000F000A3840008A3840008A3840008A384000844
:10010000A3840008A3840008A3840008A384000833
:10011000995E0008A3840008A38400084314000823
:10012000A3840008A3840008A3840008A384000813
:10013000A3840008A3840008A3840008A384000803
:10014000A3840008A3840008A3840008A3840008F3
:10015000A3840008A384000845520008A384000873
:10016000A3840008A3840008A3840008A3840008D3
:10017000A3840008A3840008A3840008A3840008C3
:10018000A3840008A3840008DFF80CD00AF00AFB5F
:100190000048004709180008C81800209FEDFE0A13
:1001A000FE4880ED000A9FEDFC0AFD4880ED000A44
:1001B0009FEDF90AFB4880ED000A9FEDF70AFA4827
:1001C00080ED000A70479FEDF90AF44880ED000ABF
:1001D0009FEDF70AF24880ED000A9FEDF60AF1481C
:1001E00080ED000A9FEDF10AEF4880ED000A7047AC
:1001F0009FEDF10AF14880ED000A9FEDF10AF14808
:1002000080ED000A9FEDEE0AEF4880ED000A9FEDB9
:10021000EF0AEF4880ED000A704710B52DED028B14
:10022000FFF7E6FFFFF7CFFFEA4890ED050A10EE73
:10023000101A08460AF0A8F941EC180B9FEDE60BDE
:1002400053EC102B0AF0B4F91CD2FFF7A7FF07F00C
:10025000BCF90120E2490870E2480078401CE149FD
:1002600008700020E0490870E04908709FEDCA0A54
:10027000D84880ED040A9FEDC80A80ED050A0020E9
:10028000DB490870BDEC028B10BD9FEDDA0ACB484C
:1002900080ED000A9FEDD80ACA4880ED000A9FED64
:1002A000D70AC94880ED000A9FEDD50AC84880EDFD
:1002B000000A70479FEDD30AB84880ED000A9FED11
:1002C000D20AB74880ED000A9FEDCF0AB54880ED0D
:1002D000000A9FEDCC0AB44880ED000A704710B5C3
:1002E000FFF786FFFFF7E6FFBE480078022809D136
:1002F0009FEDC60AC64880ED000A9FEDC60AC648B3
:1003000080ED000AB7480078042809D19FEDC30AA0
:10031000BF4880ED000ABBEE000ABF4880ED000A2E
:10032000B0480078062809D19FEDBD0AB84880ED95
:10033000000ABBEE030AB84880ED000AA94800781D
:10034000082809D19FEDB70AB14880ED000A9FED5A
:10035000B60AB14880ED000A9E4890ED040AAC4808
:10036000D0ED000AB4EEE00AF1EE10FA57DD9FED91
:100370008A0AAE4880ED000A9FED870AAC4880EDFE
:10038000000A9FED850AAB4880ED000A9FED820AC6
:10039000A94880ED000A9FED800AA84880ED000A78
:1003A0009FED7D0AA64880ED000A9FED7B0AA548D7
:1003B00080ED000A9FED780AA34880ED000A9FEDCA
:1003C000760AA24880ED000A9FED730AA04880EDEE
:1003D000000A9FED710A9F4880ED000A9FED6E0AAA
:1003E0009D4880ED000AFFF7D9FE07F0EEF8FFF711
:1003F0004CFF06F062F901207949087079480078CD
:10040000401C784908700020774908709FED620A07
:10041000704880ED040A9FED600A80ED050A10BD6A
:1004200010B57048007868BB8C4890ED030ADFED8A
:100430008C0AB4EEE00AF1EE10FA1DD2894890ED74
:10044000030ADFED870AB4EEE00AF1EE10FA13D2E8
:10045000854890ED000A03F0A6F98048D0ED030A24
:10046000B0EE600A02F0F3F97E48D0ED030AB0EE78
:10047000600A02F009FA04E07B4890ED000A03F0FC
:1004800092F910BD57480078012826D19FED420A05
:100490006A4880ED000A9FED400A694880ED000A35
:1004A0009FED3D0A674880ED000A9FED3B0A6648D4
:1004B00080ED000A6D48D0ED030AB0EE600A02F04C
:1004C00065FB6B48D0ED030AB0EE600A02F07BFBDF
:1004D000654890ED000A03F0FBF9424800780528D2
:1004E00003D040480078092849D13F48007860BBD4
:1004F0004FF400715F4808F005FB38BB9FED260AFA
:100500004E4880ED000A9FED240A4D4880ED000A18
:100510009FED210A4B4880ED000A9FED1F0A4A48D3
:1005200080ED000A5148D0ED030AB0EE600A02F0F7
:100530002DFB4F48D0ED030AB0EE600A02F043FBFA
:10054000494890ED000A03F0C3F918E09FED120A44
:100550003A4880ED000A9FED100A394880ED000A04
:100560009FED0D0A374880ED000A9FED0B0A3648D3
:1005700080ED000A3C4890ED000A03F0A9F9194803
:100580000078032807D017480078072803D01548BB
:1005900000780A2870D170E0000000004C000020B4
:1005A000500000205400002058000020003093C567
:1005B000004092C5002099C5000028422C00002070
:1005C00000000A43300000203400002000002C42CC
:1005D0003800002044120020CDCCCCCCCC4C35C00F
:1005E00023000020180000201B0000201C00002019
:1005F0001A0000200000034300004042000048426F
:100600000000054300206EC500406CC533338B41AC
:10061000C4000020000024C2C80000203333B341CE
:1006200000008C416666B641666682C16C0000209F
:100630007000002074000020780000208C00002052
:100640009000002094000020980000209C000020D2
:10065000A0000020A4000020A8000020C801002065
:1006600000004843E8010020AC01002048020020BF
:1006700068020020000C02402FE0FE48007860BBBA
:100680004FF40061FC4808F03DFA38BB1FED3E0A0C
:10069000FA4880ED000A1FED400AF94880ED000A93
:1006A0001FED430AF74880ED000A1FED450AF648A2
:1006B00080ED000AF548D0ED030AB0EE600A02F0C2
:1006C00023FAF348D0ED030AB0EE600A02F03DFAD7
:1006D000F04890ED000A03F06CF918E01FED520AA3
:1006E000E64880ED000A1FED540AE54880ED000A57
:1006F0001FED570AE34880ED000A1FED590AE24852
:1007000080ED000AE34890ED000A03F052F9E24858
:100710000078022803D0E0480078062815D1D54893
:10072000007890B1DB4890ED000A03F056FADB4800
:10073000D0ED030AB0EE600A02F06CF9D848D0EDB3
:10074000030AB0EE600A02F0A2F9D3480078042848
:1007500003D0D1480078082815D1C648007890B158
:10076000CC4890ED000A03F038FACE48D0ED030AE9
:10077000B0EE600A02F0C6F8CB48D0ED030AB0EE46
:10078000600A02F09EF8C44800780B284ED1C64893
:1007900090ED030A5FED4E0AB4EEE00AF1EE10FAB6
:1007A00017D2C04890ED030A5FED530AB4EEE00A99
:1007B000F1EE10FA0DD2D0ED030AB0EE600A02F0AD
:1007C000E7F8B948D0ED030AB0EE600A02F0BBF8D2
:1007D0002CE01FED8F0AB54880ED000A1FED920A4C
:1007E000B34880ED000A1FED940AB24880ED000A7C
:1007F0001FED970AB04880ED000A1FED990A9F4847
:1008000080ED000A1FED9C0A9D4880ED000A1FED57
:100810009E0A9C4880ED000A1FEDA10A9A4880EDCF
:10082000000A9C4890ED000A03F001FA00BF28E698
:1008300010B52DED048BA1480078002847D0A048C2
:10084000006809F0A1FE41EC190B9FED9E0B53ECE3
:10085000102B09F00EFE41EC180B09F0C1FE98496F
:1008600008609A48006809F08FFE41EC190B9FED73
:10087000950B53EC102B09F0FCFD41EC180B09F023
:10088000AFFE924908609248006809F07DFE41EC95
:10089000190B9FED8C0B53EC102B09F0EAFD41EC8A
:1008A000180B09F09DFE8A4908608A48006809F023
:1008B0006BFE41EC190B9FED830B53EC102B09F0F1
:1008C000D8FD41EC180B09F08BFE82490860BDECA5
:1008D000048B10BD9FED800A794880ED000A9FEDE2
:1008E0007F0A7A4880ED000A9FED7D0A784880ED06
:1008F000000A9FED7C0A774880ED000A70479FED63
:100900007A0A6F4880ED000A9FED780A6F4880ED03
:10091000000A9FED770A6E4880ED000A9FED750A88
:100920006C4880ED000A70479FED730A644880EDC3
:10093000000A9FED720A654880ED000A9FED6B0A80
:10094000634880ED000A9FED680A624880ED000A66
:1009500070479FED6B0A5A4880ED000A9FED690AC7
:100960005A4880ED000A9FED680A594880ED000A58
:100970009FED640A574880ED000A704710B546485D
:10098000007828B961480078012801D1FFF7E1FF1C
:1009900041480078012807D03F480078052803D057
:1009A0003D480078092801D1FFF7BEFF3A4800789A
:1009B000032803D038480078072801D1FFF79FFFAC
:1009C000354800780A2801D1FFF784FF50480078A5
:1009D00008B1FFF72DFF304800780C2801D1FFF750
:1009E000DDFB10BD00B52C48007898B12A4800788E
:1009F00002280FD02848007804280BD02648007819
:100A0000062807D024480078082803D02248007818
:100A10000B2801D1FFF7ECFB1F480078012813D009
:100A20001D48007803280FD01B48007805280BD0FC
:100A300019480078072807D017480078092803D0FC
:100A4000154800780A2801D1FFF71FFC00BD10B53A
:100A500000202F490870194908704FF400412D48B3
:100A600008F050F82C4908700B48007801285CD039
:100A7000094853E01B000020000802408C000020C1
:100A800090000020940000209800002048020020E0
:100A900068020020AC01002018000020280200207D
:100AA00008020020E8010020C80100206C0000209E
:100AB0007000002074000020780000201F0000203B
:100AC0004C0000209A9999999999D93F500000209B
:100AD0005400002058000020004083C500E08345FA
:100AE00000C073C500C0734500A062C500A0624588
:100AF000330362C533036245CD2C6045CD2C60C500
:100B000000D89C4500609F4500089F4524000020B8
:100B10001D0000200010024026000020007805285B
:100B200003D0FE48007809280BD1FD48007840B971
:100B3000FC48007828B10120FB490870FB49087087
:100B400010BDF6480078032807D0F448007807283D
:100B500003D0F24800780A280BD1F148007840B958
:100B6000F048007828B10120EF490870EF4908707B
:100B7000E6E700BFE4E710B5E8480078012807D0B1
:100B8000E6480078052803D0E448007809280FD10A
:100B90004FF40061E64807F0B5FF48B98021E54809
:100BA00007F0CCFF4FF48071E24807F0C5FF20E06A
:100BB000DA480078032803D0D848007807280FD1F6
:100BC0004FF40071DC4807F09DFF48B98021D948F7
:100BD00007F0B2FF4FF48071D64807F0AFFF08E08E
:100BE0008021D44807F0AAFF4FF48071D14807F064
:100BF000A5FF10BD70B54FF40061CD4807F082FF2E
:100C000004464FF40071CC4807F07CFF0546C3480A
:100C10000078012803D0C148007805280CD1012CA8
:100C20000AD1012D08D1C548007828B9C4480470FC
:100C3000C2480570012070BDB848007809280DD160
:100C4000012C0BD1BE48007840B9BC48007828B9C7
:100C5000BB480470B94805700120ECE7AF48007844
:100C6000032803D0AD48007807280CD1012D0AD104
:100C7000012C08D1B248007828B9B1480470AF48B7
:100C800005700120D7E7A54800780A2810D1012D6A
:100C90000ED1AA48007858B9A948007840B9A848A8
:100CA0000470A6480570532001F0E2F80120C2E765
:100CB000A3480470A14805700020BCE710B5974810
:100CC0000078002877D19F480078002873D19E488B
:100CD00090ED030ADFED9D0AB4EEE00AF1EE10FAA2
:100CE00069D29B4890ED030ADFED980AB4EEE00A62
:100CF000F1EE10FA5FD20120884908709FED950A45
:100D0000954880ED000A9FED930A944880ED000A13
:100D10009FED900A924880ED000A9FED8E0A91485F
:100D200080ED000A9FED8B0A8F4880ED000A9FED51
:100D3000890A8E4880ED000A9FED860A8C4880ED76
:100D4000000A9FED840A8B4880ED000A9FED810A1E
:100D5000894880ED000A9FED7F0A884880ED000AEF
:100D60009FED7C0A864880ED000A9FED7A0A85484F
:100D700080ED000A9FED770A834880ED000A9FED21
:100D8000750A824880ED000A9FED720A804880ED66
:100D9000000A9FED700A7F4880ED000AFFF7FEF918
:100DA00006F013FCFFF71EFE05F087FC01207A49D0
:100DB000087010BDFFE759480078012864D1FFF79B
:100DC00019FF002860D00220544908709FED610A85
:100DD000614880ED000A9FED5F0A604880ED000ADF
:100DE0009FED5C0A5E4880ED000A9FED5A0A5D485F
:100DF00080ED000A9FED570A5B4880ED000A9FEDE9
:100E0000550A5A4880ED000A9FED520A584880ED75
:100E1000000A9FED500A574880ED000A9FED4D0AE9
:100E2000554880ED000A9FED4B0A544880ED000ABA
:100E30009FED480A524880ED000A9FED460A51484E
:100E400080ED000A9FED430A4F4880ED000A9FEDB8
:100E5000410A4E4880ED000A9FED3E0A4C4880ED65
:100E6000000A9FED3C0A4B4880ED000AFFF796F917
:100E700006F0ABFBFFF7B6FD05F01FFC012046496D
:100E800008702749087094E724480078032843D164
:100E9000FFF7B0FE00283FD00420204908709FEDE6
:100EA0002D0A2D4880ED000A9FED2A0A2B4880ED7F
:100EB000000A9FED280A2A4880ED000A9FED250AC6
:100EC000284880ED000A9FED230A274880ED000A9C
:100ED0009FED200A254880ED000A9FED1E0A244858
:100EE00080ED000A9FED1B0A224880ED000A9FED6D
:100EF000190A214880ED000A9FED160A1F4880ED6F
:100F0000000A9FED140A1E4880ED000A9FED110AA9
:100F10001C4880ED000A41E062E00000180000205B
:100F20001B000020260000201D0000201F000020C4
:100F30000008024000100240000C0240290000207E
:100F40002800002024000020480200200000A143C7
:100F500068020020000000006C00002070000020EB
:100F600074000020780000207C0000208000002019
:100F700084000020880000208C00002090000020C9
:100F800094000020980000209C000020A000002079
:100F9000A4000020A8000020230000201FED130A59
:100FA000FE4880ED000A1FED150AFD4880ED000A9D
:100FB0001FED180AFB4880ED000A1FED1A0AFA48D7
:100FC00080ED000AFFF7EAF806F0FFFAFFF70AFDE6
:100FD00005F073FB0120F5490870F5490870E8E653
:100FE000F4480078052864D1FFF704FE002860D09B
:100FF0000620F04908701FED290AEF4880ED000A2D
:101000001FED2C0AED4880ED000A1FED2E0AEC487A
:1010100080ED000A1FED310AEA4880ED000A1FED5D
:10102000330AE94880ED000A1FED360AE74880EDF3
:10103000000A1FED380AE64880ED000A1FED3B0A62
:10104000E44880ED000A1FED3D0AE34880ED000A08
:101050001FED400AE14880ED000A1FED420AE0481A
:1010600080ED000A1FED450ADE4880ED000A1FED05
:10107000470ACA4880ED000A1FED4A0AC84880EDB9
:10108000000A1FED4C0AC74880ED000A1FED4F0A09
:10109000C54880ED000AFFF781F806F096FAFFF7E1
:1010A000A1FC05F00AFB0120C0490870C049087086
:1010B0007FE6C0480078072864D1FFF79BFD002831
:1010C00060D00820BB4908701FED5E0ABA4880ED69
:1010D000000A1FED600AB94880ED000A1FED630A9F
:1010E000B74880ED000A1FED650AB64880ED000A9A
:1010F0001FED680AB44880ED000A1FED6A0AB34884
:1011000080ED000A1FED6D0AB14880ED000A1FED69
:101110006F0AB04880ED000A1FED720AAE4880EDFC
:10112000000A1FED740AAD4880ED000A1FED770A32
:10113000AB4880ED000A1FED790AAA4880ED000A4D
:101140001FED7C0A954880ED000A1FED7E0A944849
:1011500080ED000A1FED810A924880ED000A1FED24
:10116000830A914880ED000AFFF718F806F02DFA7F
:10117000FFF738FC05F0A1FA01208C4908708C4972
:10118000087016E68B480078092862D1FFF732FD17
:1011900000285ED00A20874908701FED920A864811
:1011A00080ED000A1FED950A844880ED000A1FEDCE
:1011B000970A834880ED000A1FED9A0A814880ED66
:1011C000000A1FED9C0A804880ED000A1FED9F0A6F
:1011D0007E4880ED000A1FEDA10A7D4880ED000ADF
:1011E0001FEDA40A7B4880ED000A1FEDA60A7A488D
:1011F00080ED000A1FEDA90A784880ED000A1FED76
:10120000AB0A774880ED000A1FEDAE0A754880ED05
:10121000000A1FEDB00A614880ED000A1FEDB30A15
:101220005F4880ED000A1FEDB50A5E4880ED000AB8
:101230001FEDB80A5C4880ED000AFEF7AFFF06F02C
:10124000C4F9FFF7CFFB05F038FA012066490870B2
:10125000AFE5584800780A2869D1FFF7CBFC002891
:1012600065D00B20534908701FEDC60A524880ED27
:10127000000A1FEDC80A514880ED000A1FEDCB0A95
:101280004F4880ED000A1FEDCD0A4E4880ED000A60
:101290001FEDD00A4C4880ED000A1FEDD20A4B48E2
:1012A00080ED000A1FEDD50A494880ED000A1FEDC8
:1012B000D70A484880ED000A1FEDDA0A464880ED5B
:1012C000000A1FEDDC0A454880ED000A1FEDDF0A29
:1012D000434880ED000A1FEDE10A424880ED000A14
:1012E0001FEDE40A2D4880ED000A1FEDE60A2C48A8
:1012F00080ED000A1FEDE90A2A4880ED000A1FED83
:10130000EB0A294880ED000AFEF748FF06F05DF978
:10131000A02000F0ADFDFFF765FB05F0CEF9012040
:1013200022490870224908703049087041E5214877
:1013300000780C287DD11FEDF90A1F4880ED000AC6
:101340001FEDFC0A1D4880ED000A9FED290A1C488C
:1013500080ED000A9FED260A1A4880ED000A9FEDF5
:10136000240A194880ED000A9FED210A174880EDF4
:10137000000A9FED1F0A164880ED000A9FED1C0A27
:10138000144880ED000A9FED1A0A134880ED000A08
:101390009FED170A114880ED000A2BE09C00002009
:1013A000A0000020A4000020A800002023000020AE
:1013B0001B000020180000206C000020700000209E
:1013C00074000020780000207C00002080000020B5
:1013D00084000020880000208C0000209000002065
:1013E0009400002098000020220000201C00002013
:1013F000000000001FED020AD14880ED000A1FED39
:10140000040AD04880ED000A1FED070ACE4880ED9F
:10141000000A1FED090ACD4880ED000A1FED0C0AF5
:10142000CB4880ED000A1FED0E0ACA4880ED000A85
:1014300000E004E0FEF7B2FE06F0C7F8B9E400BF32
:10144000B7E410B52DED048B0121C34808F04FFC23
:1014500001287CD1C1480078012813D1C0480088F8
:10146000401CBF490880BF480088401CBD49088017
:10147000BD480088401CBC490880BC480088401C0E
:10148000BA490880BA480088401CB9490880B94860
:10149000007820B1B8480088401CB7490880B74898
:1014A000007820B1B6480088401CB5490880B5488E
:1014B000007820B1B4480088401CB3490880B34884
:1014C000007820B1B2480088401CB1490880B1487A
:1014D000007820B1B0480088401CAF490880A0487F
:1014E0000088012802D100209D4908809D4800887D
:1014F00005284BD100209B490880FFF7DFFBFFF751
:101500003AFB9C48007828B99C48007810B99D485F
:10151000007808B1012000E00020A04908700846CA
:10152000007818BBFFF793FAFFF75CFAFFF726FA8B
:10153000FEF776FF05F0C1F806F047F89848007806
:1015400078B90020974908609749086000E0B8E042
:101550001FED590A954880ED040A1FED5B0A80EDE6
:10156000050A8F48007808B106F0E6F98B48007844
:1015700060B98B48007820B18D48007808B9FEF733
:10158000AEFE8B48007808B1FEF747FE764800882B
:101590000A2802D10020744908807548008819285B
:1015A00004D100207249088005F07DFE6F48008854
:1015B000322802D100206D4908806F480088C82871
:1015C00004D100206C4908806A4908706C48008882
:1015D000B0F5E17F04D100206949088067490870AF
:1015E00069480088B0F52A7F04D100206649088048
:1015F0006449087066480088B0F5166F59D100201C
:1016000063490880614908706A480078F0BB6A48FD
:101610000078D8BB0120684908706848006808F065
:10162000B3FF41EC190B9FED660B53EC102B08F048
:1016300020FF41EC180B08F0D3FF604908606248B6
:10164000006808F0A1FF41EC190B9FED5D0B53EC16
:10165000102B08F00EFF41EC180B08F0C1FF5A499F
:1016600008605A48006808F08FFF41EC190B9FEDA5
:10167000540B53EC102B08F0FCFE41EC180B08F057
:10168000AFFF524908605248006800E011E008F0DE
:101690007BFF41EC190B9FED4A0B53EC102B08F02C
:1016A000E8FE41EC180B08F09BFF4949086005F083
:1016B0008CFF39480088B0F5C87F02D10020364938
:1016C00008800121244808F023FBBDEC048B10BDE9
:1016D0009FED400A404880ED000A9FED400A4048D7
:1016E00080ED000A9FED3F0A3F4880ED000A9FED24
:1016F0003F0A3F4880ED000A9FED3E0A3E4880EDDC
:10170000000A9FED3C0A3D4880ED000A9FED390A32
:101710003B4880ED000A9FED370A3A4880ED000A09
:101720007047002106E0002200E0521CB2F5C87F9D
:10173000FBD3491C322343438B42F4D8704700004B
:1017400094000020980000209C000020A0000020B1
:10175000A4000020A8000020001400401A0000206F
:10176000AC000020AE000020B0000020B40000203B
:10177000B200002021000020B6000020220000203E
:10178000B800002023000020BA0000202400002020
:10179000BC00002025000020BE000020200000200A
:1017A0001B000020240C00402404004044120020B0
:1017B0001C00002018000020270000204C00002002
:1017C000000000000000E83F50000020540000200E
:1017D00058000020000078422C0000200000254323
:1017E0003000002000000E4334000020000084423E
:1017F00038000020000048433C000020400000204A
:10180000440000204800002008B54FF4A06006F016
:101810004DFEA82000F0CAFA02F01EFF06F0DAFD25
:1018200002F0FEFE542144F6206004F069FC05F04D
:10183000AFF803F009FB02F0D0FF02F0EAFF05F079
:101840003DFE54214FF47A7004F02AFC01214FF63A
:10185000FF7005F0C3FF01214FF6FF7006F015F889
:1018600000F026FBFEF79AFC05F0AFFE4FF4E130E6
:1018700003F0A0FB4FF4165003F0C4FD9FED990A4E
:10188000994880ED000A9FED970A984880ED000A7C
:101890009FED940A964880ED000A9FED920A9548C4
:1018A00080ED000A9FED8F0A934880ED000A9FEDBE
:1018B0008D0A924880ED000A9FED8A0A904880EDDB
:1018C000000A9FED880A8F4880ED000A9FED850A87
:1018D0008D4880ED000A9FED830A8C4880ED000A58
:1018E0009FED800A8A4880ED000A9FED7E0A8948B4
:1018F00080ED000AFEF77CFC04F0DFFEF0E002F071
:10190000D2FE0446012C74D1834890ED000A83482E
:1019100080ED000A90ED000ADFED810AB4EEE00AE6
:10192000F1EE10FA0CDD90ED000ADFED7E0AB4EE68
:10193000E00AF1EE10FA03D202207B49087015E0AC
:10194000764890ED000ADFED790AB4EEE00AF1EE98
:1019500010FA0BD290ED000ADFED750AB4EEE00A42
:10196000F1EE10FA02DD03206F490870642000F0E8
:101970007FFA694890ED000A6E4880ED000A90ED0C
:10198000000A6D4880ED000A6A4890ED000A6B4835
:1019900080ED000A674890ED000A694880ED000A72
:1019A000644890ED000A674880ED000A614890EDB8
:1019B000000A654880ED000A5E4890ED000A634821
:1019C00080ED000A5B4890ED000A614880ED000A56
:1019D000584890ED000A5F4880ED000A554890EDA8
:1019E000000A5D4880ED000A01205C4908705C49EE
:1019F0000870022C04D15B480078801C594908709B
:101A0000042C06D1642000F033FAFEF7F1FB04F059
:101A100054FE142000F0E4F90C200223042200906C
:101A20003D4890ED000A00210A2003F08FF80C20B9
:101A3000022300904B4802780021402003F04DF82B
:101A40000C2000904848D0ED030AB0EE600A022353
:101A500005220C21002003F079F80C200090434867
:101A6000D0ED030AB0EE600A022305220C213020DB
:101A700003F06CF80C2000903D48D0ED030AB0EE66
:101A8000600A022305221821002003F05FF80C20D1
:101A900000903848D0ED030AB0EE600A0223052218
:101AA0001821302003F052F80C2000903248D0ED7D
:101AB000030AB0EE600A022305222421002003F06D
:101AC00045F80C2000902D48D0ED030AB0EE600AD6
:101AD000022305222421302003F038F802F05AFEB8
:101AE0000DE70000000000006C00002070000020E6
:101AF00074000020780000208C000020900000205E
:101B000094000020980000209C000020A0000020ED
:101B1000A4000020A8000020AC010020C00100208B
:101B2000000034C3000007C3C40100200000344398
:101B300000000743CC000020A00300205C0300202D
:101B4000E4030020280400206C040020B0040020DE
:101B5000F4040020380500207C0500201A00002035
:101B60002400002018000020480200206802002005
:101B7000C8010020E80100200802002028020020FF
:101B8000704700BFFEE700BFFEE700BFFEE700BFF3
:101B9000FEE7704770477047704700000CB50020A3
:101BA000019000907648006840F4803074490860E5
:101BB00000BF7348006800F4003000900198401C9A
:101BC0000190009818B90198B0F5A04FF1D16C4878
:101BD000006800F4003010B10120009001E0002006
:101BE00000900098012846D165484030006840F0D8
:101BF00080506349403108606248006840F44040CA
:101C0000604908605E48083000685D490831086036
:101C10000846006840F4004008600846006840F448
:101C2000A05008605848091F0860081F006840F06D
:101C30008070091F086000BF5148006800F0007004
:101C40000028F9D040F20570504908604C4808302F
:101C5000006820F003004A4908310860084600681F
:101C600040F00200086000BF45480830006800F0FE
:101C70000C000828F8D10CBD10B54548006840F4A8
:101C80007000434908603E48006840F001003C494C
:101C9000086000203A4908310860394800683D4929
:101CA0000840374908603C48091D0860081F006863
:101CB00020F48020091F0860002031490C310860A1
:101CC000FFF76CFF4FF0006031498039086010BDAC
:101CD00070B500200022022300240221284D08357F
:101CE0002D6805F00C0020B1042806D0082834D156
:101CF00007E02A4D2A4E356033E02A4D284E3560E4
:101D00002FE01F4D2D1D2D68C5F380541C4D2D1D3A
:101D10002D6805F03F0154B1224DB5FBF1F5184E89
:101D2000361D3668C6F3881605FB06F209E01B4D22
:101D3000B5FBF1F5124E361D3668C6F3881605FB65
:101D400006F20F4D2D1D2D68C5F301456D1C6B006E
:101D5000B2FBF3F5124E356003E0104D104E3560C6
:101D600000BF00BF064D08352D68C5F303150E4EA4
:101D7000705D0B4D2D68C540094E356070BD00008B
:101D8000003802400070004008544007003C024008
:101D900088ED00E0FFFFF6FE103000240024F40080
:101DA000D000002000127A00D400002010B50446B4
:101DB0006FF0040006F0CCFBE11704EB5171C1F3A6
:101DC000C701394A11701046007800EB4001C1EBA1
:101DD000C0104FF6FF7101EAC0003449088010BD01
:101DE0000146314A12784A434FF0E0235A610022FB
:101DF0009A611A46126942F001021A6100BF4FF05F
:101E0000E022106900F001021AB100F48032002AC9
:101E1000F5D04FF0E022126922F001024FF0E023EA
:101E20001A6100229A6170470146204A12884A438B
:101E30004FF0E0235A6100229A611A46126942F07B
:101E400001021A6100BF4FF0E022106900F00102A8
:101E50001AB100F48032002AF5D04FF0E022126966
:101E600022F001024FF0E0231A6100229A617047CC
:101E700070B504464FF4077094FBF0F0C6B24FF40F
:101E8000077094FBF0F100FB114085B205E04FF4C0
:101E90000770FFF7C9FF701EC6B2002EF7D115B14B
:101EA0002846FFF7C1FF70BDE4000020E6000020D7
:101EB0009FEDFE0AFE4880ED000A9FEDFE0A80EDD0
:101EC000070A9FEDFA0A80ED080A9FEDF80A80EDF7
:101ED000050A9FEDF60A80ED0F0A9FEDF40A80EDEA
:101EE0000D0A9FEDF50A80ED090AB1EE080A80EDB2
:101EF0000E0AB0EE000AF14880ED000A9FEDED0AEF
:101F000080ED070A9FEDE90A80ED080A9FEDE70AD8
:101F100080ED050A9FEDE50A80ED0F0A9FEDE30ACB
:101F200080ED0D0A9FEDE40A80ED090AB1EE080A82
:101F300080ED0E0A9FEDE20AE24880ED000AB2EE63
:101F4000040A80ED070A9FEDD90A80ED080A9FED8B
:101F5000D70A80ED050A9FEDD50A80ED0F0A9FEDA7
:101F6000D30A80ED0D0A9FEDD10AD74880ED000A13
:101F70009FEDD60A80ED070A9FEDCC0A80ED080A96
:101F80009FEDCA0A80ED050A9FEDC80A80ED0F0A91
:101F90009FEDC60A80ED0D0A9FEDCD0A80ED090A7E
:101FA000B1EE080A80ED0E0A9FEDC00AC94880ED27
:101FB000000A9FEDBE0A80ED070A9FEDBC0A80ED86
:101FC000080A9FEDBA0A80ED050A9FEDB80A80ED78
:101FD0000F0A9FEDC10A80ED0D0A9FEDB40A80ED56
:101FE000090A9FEDBE0A80ED0E0A9FEDB00ABC48BB
:101FF00080ED000A9FEDBB0A80ED070A9FEDAB0A5A
:1020000080ED080A9FEDA90A80ED050A9FEDA70A59
:1020100080ED0F0A9FEDB40A80ED0D0A9FEDB30A23
:1020200080ED090A9FEDB20A80ED0E0A9FED9F0A2E
:10203000B04880ED000A9FEDB00A80ED070A9FEDE1
:102040009B0A80ED080AB0EE000A80ED050AB7EEA3
:10205000000A80ED0F0A9FEDA40A80ED0D0A9FEDA6
:10206000A70A80ED090A9FEDA20A80ED0E0A9FEDF6
:102070008F0AA34880ED000A9FEDA20A80ED070AAF
:102080009FED8A0A80ED080A9FED880A80ED050A17
:102090009FED860A80ED0F0A9FED930A80ED0D0AF1
:1020A0009FED820A80ED090A9FED8B0A80ED0E0AF2
:1020B0009FED7E0A944880ED000AB3EE0C0A80ED95
:1020C000070A9FED7A0A80ED080A9FED780A80EDF5
:1020D000050A9FED760A80ED0F0A9FED830A80EDD9
:1020E0000D0A9FED8A0A80ED090A9FED810A80EDB5
:1020F0000E0A9FED6E0A864880ED000A9FED7E0A6B
:1021000080ED070A9FED690A80ED080AB0EE000A2B
:1021100080ED050AB7EE000A80ED0F0A9FED720A06
:1021200080ED0D0A9FED750A80ED090A9FED700A9A
:1021300080ED0E0A9FED5D0A764880ED000A9FED66
:10214000760A80ED070A9FED590A80ED080A9FED97
:10215000570A80ED050A9FED550A80ED0F0A9FEDA5
:10216000530A80ED0D0A9FED6D0A80ED090AB1EE6C
:10217000080A80ED0E0A9FED4D0A694880ED000ABD
:102180009FED650A80ED070A9FED480A80ED080A79
:102190009FED460A80ED050A9FED440A80ED0F0A87
:1021A0009FED420A80ED0D0A9FED5C0A80ED090A61
:1021B000B1EE080A80ED0E0A9FED5A0A5A4880EDEA
:1021C000000A9FED3D0A80ED070A9FED380A80ED79
:1021D000080A9FED360A80ED050A9FED340A80ED6E
:1021E0000F0A9FED320A80ED0D0A9FED500A80ED37
:1021F000090AB1EE000A80ED0E0A9FED4A0A4C482A
:1022000080ED000A9FED2C0A80ED070A9FED270A5A
:1022100080ED080A9FED250A80ED050A9FED230A4F
:1022200080ED0F0A9FED210A80ED0D0A9FED3F0A18
:1022300080ED090AB1EE000A80ED0E0A9FED3D0A1D
:102240003D4880ED000A9FED3D0A80ED070A9FEDB5
:10225000170A80ED080A9FED150A80ED050A9FED2B
:10226000130A80ED0F0A9FED110A80ED0D0A9FED14
:10227000340A80ED090AB1EE040A80ED0E0A9FEDE2
:10228000310A314880ED000A9FED2C0A80ED070AE3
:102290009FED060A80ED080A9FED040A80ED050A0D
:1022A0009FED020A80ED0F0A50E0000000000000E0
:1022B000880A00209A99993ECDCC4C3E440A0020D1
:1022C00000004842D40200205C0300209A99D93FC4
:1022D0009A99193FA00300200000FA440000FA4335
:1022E000E4030020000050420000164400006C424D
:1022F000000048446C0400200000C84300009643DE
:102300007C05002000007A442804002000001042D0
:10231000B0040020F4040020D578E93F04560E3FB5
:10232000380500200000A042C0050020CDCCCC3DE7
:10233000040600200000C44248060020CDCCCC3E5C
:10234000CDCC4C3F0000C0428C0600201FED290A76
:1023500080ED0D0A1FED060A80ED090AB1EE040AB0
:1023600080ED0E0A9FEDFE0AFE4880ED000A1FED8B
:10237000110A80ED070A9FEDFC0A80ED080A9FED27
:10238000FB0A80ED050A9FEDFA0A80ED0F0AB1EE17
:10239000000A80ED0D0A1FED3B0A80ED090AB1EE3F
:1023A000000A80ED0E0A9FEDEE0AF24880ED000A69
:1023B0001FED1E0A80ED070A1FED440A80ED080A92
:1023C0001FED460A80ED050A1FED480A80ED0F0A51
:1023D0001FED4A0A80ED0D0A1FED270A80ED090A5C
:1023E000B1EE040A80ED0E0A9FEDDD0AE24880EDB1
:1023F000000A1FED2E0A80ED070A1FED540A80ED3A
:10240000080A1FED560A80ED050A1FED580A80EDF7
:102410000F0A1FED5A0A80ED0D0A1FED370A80EDF5
:10242000090AB1EE040A80ED0E0A9FEDD40AD448E1
:1024300080ED000A9FEDD30A80ED070A1FED650AC3
:1024400080ED080AB2EE0E0A80ED050AB7EE000A2A
:1024500080ED0F0A1FED680A80ED0D0A9FEDC90A95
:1024600080ED090AB1EE000A80ED0E0A9FEDC30A65
:10247000C54880ED000A9FEDC30A80ED070A1FEDF5
:10248000750A80ED080AB2EE0E0A80ED050AB7EE75
:10249000000A80ED0F0A1FED780A80ED0D0A9FED0E
:1024A000B90A80ED090AB1EE000A80ED0E0A9FED2F
:1024B000B30AB64880ED000A9FEDB20A80ED070A24
:1024C0001FED860A80ED080AB2EE0E0A80ED050ABD
:1024D0001FED8A0A80ED0F0A1FED890A80ED0D0AB3
:1024E0009FEDAB0A80ED090AB1EE000A80ED0E0AFD
:1024F0009FEDA20AA74880ED000A9FEDA20A80ED99
:10250000070A1FED960A80ED080AB2EE0E0A80ED6A
:10251000050A1FED9A0A80ED0F0A1FED990A80ED5A
:102520000D0A9FED9B0A80ED090AB1EE000A80EDCD
:102530000E0A9FED920A984880ED000A1FED920A5C
:1025400080ED070AB0EE080A80ED080AB2EE040A30
:1025500080ED050AB7EE000A80ED0F0A1FED990A1B
:1025600080ED0D0A1FEDAF0A80ED090A1FED9D0AEF
:1025700080ED0E0A9FED810A884880ED000A1FED6C
:10258000A20A80ED070AB0EE080A80ED080AB2EE52
:10259000040A80ED050AB7EE000A80ED0F0A1FED70
:1025A000A90A80ED0D0A1FEDBF0A80ED090A1FED93
:1025B000AD0A80ED0E0A1FEDA10A794880ED000AF0
:1025C0001FEDB30A80ED070AB0EE080A80ED080A95
:1025D000B2EE040A80ED050AB7EE000A80ED0F0A9C
:1025E0001FEDBD0A80ED0D0A1FEDD00A80ED090A2E
:1025F0001FEDBC0A80ED0E0A1FEDAE0A694880EDA2
:10260000000A1FEDC30A80ED070AB0EE080A80ED4C
:10261000080AB2EE040A80ED050AB7EE000A80ED62
:102620000F0A1FEDCD0A80ED0D0A1FEDE00A80EDC7
:10263000090A1FEDCC0A80ED0E0A9FED5B0A5B488C
:1026400080ED000A1FEDC30A80ED070A1FEDE90ABD
:1026500080ED080A1FEDEB0A80ED050A1FEDED0A7B
:1026600080ED0F0A1FEDEF0A80ED0D0A1FEDF10A54
:1026700080ED090AB2EE040A80ED0E0A9FED4A0AC7
:102680004B4880ED000A1FEDD30A80ED070A1FEDCD
:10269000F90A80ED080A1FEDFB0A80ED050A9FED9F
:1026A000450A80ED0F0A9FED430A80ED0D0A9FED6C
:1026B000410A80ED090AB2EE040A80ED0E0A704765
:1026C000F0EE400AC0ED020A90ED021AD0ED051AB4
:1026D000B4EEE11AF1EE10FA15D290ED021AD0ED37
:1026E000051AF1EE611AB4EEE11AF1EE10FA0ADD04
:1026F00090ED041AD0ED021A90ED0F2A01EE821A25
:1027000080ED041A03E09FED2B1A80ED041A90ED82
:10271000041AD0ED0D1AB4EEE11AF1EE10FA04DD50
:1027200090ED0D1A80ED041A10E090ED041AD0ED32
:102730000D1AF1EE611AB4EEE11AF1EE10FA05D2BB
:1027400090ED0D1AB1EE411A80ED041A90ED021AC7
:10275000D0ED031A31EE611A80ED061A2CE000006C
:102760000000C242D0060020A69BC43A0AD7A33B71
:1027700017B7D1385807002014070020000009437C
:102780009C0700207B142E3EE00700202408002038
:102790000AD7A33D68080020AC080020F0080020FC
:1027A000340900207809002000008C42BC09002078
:1027B000000A00200000000090ED071AD0ED021A78
:1027C00021EE211A80ED0A1A90ED081AD0ED041AB4
:1027D00021EE211A80ED0B1A90ED091AD0ED061AA0
:1027E00021EE211A80ED0C1A90ED0A1AD0ED0B1A89
:1027F00031EE211AD0ED0C1A31EE210A90ED0E1AAD
:10280000B5EEC01AF1EE10FA1AD090ED0E1AB4EE31
:10281000C01AF1EE10FA04D290ED0E1AB0EE410A91
:102820000EE090ED0E1AB1EE411AB4EEC01AF1EEC0
:1028300010FA05DD90ED0E1AB1EE411AB0EE410A24
:1028400090ED021A80ED031A80ED100A704700B572
:10285000F0EE402AFE4890ED000A30EE620A80ED6C
:10286000020AD0ED020AB0EE600AFFF729FFF8482D
:1028700090ED100AF74880ED000AF54890ED100A37
:10288000F54880ED000A00BD00B5F0EE402AF3489F
:1028900090ED000A30EE620A80ED020AD0ED020AE5
:1028A000B0EE600AFFF70CFFEC4890ED100AEC4820
:1028B00080ED000AE94890ED100AEA4880ED000A30
:1028C00000BD00B5F0EE402AE74890ED000A30EE7A
:1028D000620A80ED020AD0ED020AB0EE600AFFF74C
:1028E000EFFEE14890ED100AB1EE400AD94880EDC4
:1028F000000ADD4890ED100AB1EE400AD64880ED9E
:10290000000A00BD00B5F0EE402AD84890ED000A5C
:1029100030EE620A80ED020AD0ED020AB0EE600AE3
:10292000FFF7CEFED14890ED100AB1EE400ACC4838
:1029300080ED000ACD4890ED100AB1EE400AC9487A
:1029400080ED000A00BD00B5F0EE402AC64890EDCB
:10295000000AF3EE070A30EE600A30EE620A80EDFC
:10296000020AD0ED020AB0EE600AFFF7A9FEBE48E7
:1029700090ED100AB1EE400AB64880ED000ABA4860
:1029800090ED100AB1EE400AB34880ED000A00BD98
:1029900000B5F0EE402AB54890ED000AF3EE070AC4
:1029A00030EE600A30EE620A80ED020AD0ED020AD3
:1029B000B0EE600AFFF784FEAC4890ED100AB1EE6D
:1029C000400AA74880ED000AA84890ED100AB1EE31
:1029D000400AA44880ED000A00BD00B5F0EE402A90
:1029E000A34890ED000A30EE620A80ED020AD0EDB5
:1029F000020AB0EE600AFFF763FE9D4890ED100AF0
:102A0000944880ED000A9A4890ED100A924880EDB3
:102A1000000A00BD00B5F0EE402A964890ED000A8D
:102A200030EE620A80ED020AD0ED020AB0EE600AD2
:102A3000FFF746FE8F4890ED100A894880ED000AA6
:102A40008C4890ED100A874880ED000A894890ED87
:102A5000100ADFED890A20EE200A884880ED000A7E
:102A6000844890ED100ADFED860A20EE200A8548A2
:102A700080ED000A7F4890ED100A834880ED000A3F
:102A80007C4890ED100A814880ED000A00BD00B539
:102A9000F0EE402A7E4890ED000A30EE620A80EDAA
:102AA000020AD0ED020AB0EE600AFFF709FE78488C
:102AB00090ED100A674880ED000A754890ED100A05
:102AC000654880ED000A724890ED100ADFED6C0A4F
:102AD00020EE200A6F4880ED000A6D4890ED100A44
:102AE000DFED650A20EE200A6B4880ED000A684899
:102AF00090ED100A694880ED000A654890ED100AD3
:102B0000674880ED000A00BD00B5F0EE402A654838
:102B100090ED000A30EE620A80ED020AD0ED020A62
:102B2000B0EE600AFFF7CCFD5E4890ED100AB1EE02
:102B3000400A494880ED000A5A4890ED100AB1EE6B
:102B4000400A484880ED000A00BD00B5F0EE402A7A
:102B5000554890ED000A30EE620A80ED020AD0ED91
:102B6000020AB0EE600AFFF7ABFD4F4890ED100A85
:102B7000B1EE400A374880ED000A4B4890ED100A4C
:102B8000B1EE400A364880ED000A00BD00B5F0EE17
:102B9000402A464890ED000A30EE620A80ED020AB3
:102BA000D0ED020AB0EE600AFFF78AFD3F4890EDD3
:102BB000100A294880ED000A3C4890ED100A294887
:102BC00080ED000A00BD00B5F0EE402A384890EDD7
:102BD000000A30EE620A80ED020AD0ED020AB0EE81
:102BE000600AFFF76DFD324890ED100A194880ED3C
:102BF000000A2F4890ED100A194880ED000A00BD28
:102C000010B52DED068BB0EE408A0446294890EDB4
:102C1000000A30EE480A80ED020AD0ED020AB0EE5A
:102C2000600AFFF74DFD012C03D0052C01D0092CC3
:102C30007ED1204890ED020AB5EEC00AF1EE10FAFE
:102C400077DD90ED100AB1EE400A034834E0000051
:102C5000C00500206C000020700000200406002049
:102C60007400002078000020480600208C06002018
:102C7000D0060020140700200000F0C28C000020C5
:102C80000000F04290000020840000208800002016
:102C90005807002094000020980000207C000020AD
:102CA000800000209C070020E0070020240800206E
:102CB00068080020880A002080ED000AFC4890ED9A
:102CC000100AB1EE400AFB4880ED000AF84890ED8A
:102CD000100A10EE101A084607F056FC41EC1A0BC9
:102CE0009FEDF50B53EC102B07F0C3FB41EC190BD8
:102CF00007F076FCF2490860ED4890ED100A10EEFE
:102D0000101A084607F040FC41EC1A0B9FEDEA0B45
:102D100053EC102B07F0ADFB41EC190B07F060FCF6
:102D2000E8490860E24890ED100ADFEDE70A01E0AB
:102D3000B9E03BE020EE200AE44880ED000ADC48E0
:102D400090ED100A10EE101A084607F01DFC41EC39
:102D50001A0B9FEDDF0B53EC102B07F08AFB41ECB5
:102D6000190B07F03DFCDC490860D14890ED100AD2
:102D700010EE101A084607F007FC41EC1A0B9FED05
:102D8000D40B53EC102B07F074FB41EC190B07F03C
:102D900027FCD2490860C64890ED100ADFEDCA0A48
:102DA00020EE200ACE4880ED000A7EE1C04890ED7A
:102DB000100A10EE101A084607F0E6FB41EC1A0B59
:102DC0009FEDBD0B53EC102B07F053FB41EC190B9F
:102DD00007F006FCBA490860B54890ED100A10EEFD
:102DE000101A084607F0D0FB41EC1A0B9FEDB20B0E
:102DF00053EC102B07F03DFB41EC190B07F0F0FBF7
:102E0000B0490860AA4890ED100AB1EE400AB548F2
:102E100080ED000AA64890ED100AB1EE400AA548E0
:102E200080ED000AA24890ED100ADFEDA70A20EE1F
:102E3000200AA64880ED000A9D4890ED100A10EE89
:102E4000101A084607F0A0FB41EC1A0B9FEDA00BEF
:102E500053EC102B07F00DFB41EC190B07F0C0FBF6
:102E60009D490860924890ED100A10EE101A08462D
:102E700007F08AFB41EC1A0B9FED950B53EC102BDE
:102E800007F0F7FA41EC190B07F0AAFB9349086029
:102E9000874890ED100ADFED8C0A20EE200A90485A
:102EA00080ED000A01E1904890ED020AB5EEC00AFB
:102EB000F1EE10FA7DD27E4890ED100AB1EE400A94
:102EC0007F4880ED000A7A4890ED100AB1EE400A82
:102ED0007C4880ED000A764890ED100A10EE101A3A
:102EE000084607F051FB41EC1A0B9FED730B53ECB6
:102EF000102B07F0BEFA41EC190B07F071FB794972
:102F000008606B4890ED100A10EE101A084607F0A2
:102F10003BFB41EC1A0B9FED680B53EC102B07F0B9
:102F2000A8FA41EC190B07F05BFB624908606048A6
:102F300090ED100A10EE101A084607F025FB41EC40
:102F40001A0B9FED6A0B53EC102B07F092FA41EC31
:102F5000190B07F045FB5D490860554890ED100AD4
:102F6000DFED640A20EE200A5B4880ED000A50483D
:102F700090ED100ADFED5F0A20EE200A574880ED41
:102F8000000A4B4890ED100A10EE101A084607F0A0
:102F9000FBFA41EC1A0B9FED550B53EC102B07F08D
:102FA00068FA41EC190B07F01BFB4D4908607CE007
:102FB000FFE73F4890ED100AB1EE400A404880ED2F
:102FC000000A3B4890ED100AB1EE400A3D4880ED02
:102FD000000A374890ED100A10EE101A084607F064
:102FE000D3FA41EC1A0B9FED340B53EC102B07F086
:102FF00040FA41EC190B07F0F3FA3A4908602C4803
:1030000090ED100A10EE101A084607F0BDFA41ECD8
:103010001A0B9FED290B53EC102B07F02AFA41EC09
:10302000190B07F0DDFA23490860214890ED100ADA
:1030300010EE101A084607F0A7FA41EC1A0B9FEDA4
:103040002B0B53EC102B07F014FA41EC190B07F083
:10305000C7FA1E490860164890ED100ADFED250AF0
:1030600020EE200A1C4880ED000A114890ED100A5D
:10307000DFED200A20EE200A184880ED000A0C48F7
:1030800090ED100A10EE101A084607F07DFA41EC98
:103090001A0B9FED160B53EC102B07F0EAF941ECDD
:1030A000190B07F09DFA0E490860BDEC068B10BDA8
:1030B000880A002078000020666666666666E6BFBD
:1030C0006C000020740000200000C8C28C000020AA
:1030D000000000000080514090000020940000207B
:1030E0009800002070000020440A0020000000002A
:1030F000008051C00000C84210B52DED068BB0EE27
:10310000408A0446FE4890ED000A30EE480A80ED01
:10311000020AD0ED020AB0EE600AFFF7D1FA012CE4
:1031200003D0052C01D0092C7DD1F54890ED020A81
:10313000B5EEC00AF1EE10FA7AD290ED100A10EE58
:10314000101A084607F020FA41EC1A0B9FEDED0B20
:1031500053EC102B07F08DF941EC190B07F040FAF6
:10316000EA490860E64890ED100A10EE101A084689
:1031700007F00AFA41EC1A0B9FEDE20B53EC102B0F
:1031800007F077F941EC190B07F02AFAE0490860DB
:10319000DB4890ED100ADF4880ED000AD84890ED3A
:1031A000100ADD4880ED000AD54890ED100A5FED69
:1031B0002F0A20EE200AD94880ED000AD04890ED71
:1031C000100A10EE101A084607F0DEF941EC1A0B4F
:1031D0001FED3A0B53EC102B07F04BF941EC190B98
:1031E00007F0FEF9CE490860C54890ED100A10EED0
:1031F000101A084607F0C8F941EC1A0B1FED450BF1
:1032000053EC102B07F035F941EC190B07F0E8F9F6
:10321000C4490860BA4890ED100A5FED4A0A20EEF2
:10322000200AC14801E07CE002E080ED000A8BE169
:10323000B34890ED100A10EE101A084607F0A4F9F2
:1032400041EC1A0B9FEDAF0B53EC102B07F011F96B
:1032500041EC190B07F0C4F9AC490860A84890ED9F
:10326000100A10EE101A084607F08EF941EC1A0BFE
:103270009FEDA40B53EC102B07F0FBF841EC190B5E
:1032800007F0AEF9A24908609D4890ED100AA148E8
:1032900080ED000A9A4890ED100A9F4880ED000AE0
:1032A000974890ED100A5FED6D0A20EE200A9B48CA
:1032B00080ED000A924890ED100A10EE101A0846B0
:1032C00007F062F941EC1A0B1FED780B53EC102B51
:1032D00007F0CFF841EC190B07F082F9904908602C
:1032E000874890ED100A10EE101A084607F04CF9C6
:1032F00041EC1A0B1FED830B53EC102B07F0B9F8C0
:1033000041EC190B07F06CF9864908607C4890ED98
:10331000100A5FED880A20EE200A834880ED000A3B
:1033200012E1774890ED020AB5EEC00AF1EE10FA0C
:1033300078DD90ED100A754880ED000A704890ED38
:10334000100A734880ED000A6D4890ED100A10EEE7
:10335000101A084607F018F941EC1A0B9FED690B9B
:1033600053EC102B07F085F841EC190B07F038F9F6
:1033700068490860624890ED100A10EE101A08467D
:1033800007F002F941EC1A0B9FED5E0B53EC102B8A
:1033900007F06FF841EC190B07F022F95E4908605D
:1033A000574890ED100A10EE101A084607F0ECF896
:1033B00041EC1A0B1FEDBA0B53EC102B07F059F828
:1033C00041EC190B07F00CF9544908604C4890ED9A
:1033D000100A5FEDC30A20EE200A514880ED000A72
:1033E000474890ED100A5FEDC80A20EE200A4D48CC
:1033F00080ED000A424890ED100A10EE101A0846BF
:1034000007F0C2F841EC1A0B1FEDCF0B53EC102B59
:1034100007F02FF841EC190B07F0E2F84249086079
:1034200092E0FFE7364890ED100A384880ED000A38
:10343000334890ED100A364880ED000A304890ED90
:10344000100A10EE101A084607F09EF841EC1A0B0D
:103450009FED2C0B53EC102B07F00BF841EC190BE4
:1034600007F0BEF82B490860254890ED100A10EED1
:10347000101A084607F088F841EC1A0B9FED210B53
:1034800053EC102B06F0F5FF41EC190B07F0A8F8F0
:10349000214908601A4890ED100A10EE101A0846EB
:1034A00007F072F841EC1A0B1FEDF70B53EC102BE1
:1034B00006F0DFFF41EC190B07F092F8174908609E
:1034C0000F4890ED100ADFED190A20EE200A14488B
:1034D00080ED000A0A4890ED100ADFED140A20EE94
:1034E000200A104880ED000A054890ED100A10EE01
:1034F000101A084607F048F841EC1A0B18E00000D3
:10350000440A0020666666666666E63F6C00002038
:103510007400002070000020780000208C00002043
:103520009000002094000020980000200000C8C2F5
:103530009FEDFE0B53EC102B06F09BFF41EC190B9B
:1035400007F04EF8FB490860BDEC068B10BD00B5D6
:10355000F0EE402AF84890ED000A30EE620A80ED65
:10356000020AD0ED020AB0EE600AFFF7A9F8F248AD
:1035700090ED100AF14880ED000AEF4890ED100A36
:10358000B1EE400AEE4880ED000AEB4890ED100ADB
:10359000B1EE400AEB4880ED000AE74890ED100AD2
:1035A000E44880ED000A00BD00B5F0EE402AE64890
:1035B00090ED000A30EE620A80ED020AD0ED020AB8
:1035C000B0EE600AFFF77CF8DF4890ED100AB1EE2C
:1035D000400ADA4880ED000ADB4890ED100AD8482E
:1035E00080ED000AD84890ED100AD64880ED000A18
:1035F000D54890ED100AB1EE400ACE4880ED000AA1
:1036000000BD00B5F0EE402AD04890ED000A30EE43
:10361000620A80ED020AD0ED020AB0EE600AFFF7FE
:103620004FF8CA4890ED100AB1EE400AC34880ED49
:10363000000AC64890ED100AC14880ED000AC34850
:1036400090ED100ABF4880ED000AC04890ED100AC6
:10365000B1EE400AB74880ED000A00BD00B5F0EEBB
:10366000402ABB4890ED000A30EE620A80ED020A63
:10367000D0ED020AB0EE600AFFF722F8B44890EDF0
:10368000100AB1EE400AAD4880ED000AB04890ED56
:10369000100AAB4880ED000AAD4890ED100AA94829
:1036A00080ED000AAA4890ED100AB1EE400AA14848
:1036B00080ED000A00BD00B5F0EE402AB0EE603AA1
:1036C000A44890ED000A30EE620A80ED020AD0EDC7
:1036D000020AB0EE600AFEF7F3FF9E4890ED100A72
:1036E000B1EE400A9C4880ED000A9A4890ED100A1D
:1036F000B1EE400A994880ED000A964890ED000A24
:1037000030EE430A80ED020AD0ED020AB0EE600A04
:10371000FEF7D6FF8F4890ED100AB1EE400A9048B0
:1037200080ED000A8B4890ED100AB1EE400A8D48FA
:1037300080ED000A00BD00B5F0EE402AB0EE603A20
:10374000894890ED000A30EE620A80ED020AD0ED61
:10375000020AB0EE600AFEF7B3FF834890ED100A4C
:103760007D4880ED000A804890ED100A7B4880ED8E
:10377000000A7D4890ED000A30EE430A80ED020A0F
:10378000D0ED020AB0EE600AFEF79AFF764890ED9F
:10379000100A734880ED000A734890ED100A7148D2
:1037A00080ED000A00BD00B5F0EE402A6F4890EDB4
:1037B000000A32EEC00A80ED020AD0ED020AB0EE35
:1037C000600AFEF77DFF694890ED100A624880EDBF
:1037D000000A664890ED100A604880ED000A9FEDEF
:1037E000640A5F4880ED000A9FED610A5D4880ED44
:1037F000000A00BD00B5F0EE402A5C4890ED000ADA
:1038000030EE620A80ED020AD0ED020AB0EE600AE4
:10381000FEF756FF554890ED100A4F4880ED000A1C
:10382000524890ED100A4D4880ED000A4F4890ED47
:10383000100A4B4880ED000A4C4890ED100A4948A8
:1038400080ED000A494890ED100A4A4880ED000AD0
:10385000464890ED100A484880ED000A434890ED34
:10386000100A464880ED000A404890ED100A44488E
:1038700080ED000A00BD00B5F0EE402A414890ED11
:10388000000A30EE620A80ED020AD0ED020AB0EEC4
:10389000600AFEF715FF3B4890ED100AB1EE400AB2
:1038A000264880ED000A374890ED100A244880ED44
:1038B000000A344890ED100A224880ED000A314891
:1038C00090ED100AB1EE400A1A4880ED000A00BDE2
:1038D00000B5F0EE402A2C4890ED000A32EEC00A06
:1038E00080ED020AD0ED020AB0EE600AFEF7E8FEB3
:1038F000254890ED100AF9EE040A20EE200A23482C
:1039000080ED000A204890ED100AF1EE040A20EE46
:10391000200A1F4880ED000A1B4890ED100AF1EEC6
:10392000040A20EE200A1B4836E0000000000000D8
:103930000080514098000020AC0800208C0000203E
:103940009000002094000020F0080020340900209E
:1039500078090020BC0900206C00002070000020C5
:103960007400002078000020000A00205C03002082
:10397000000000007C000020800000208400002067
:1039800088000020A0030020E40300209C00002009
:10399000A0000020A400002080ED000AFE4890ED69
:1039A000100AF9EE040A20EE200AFC4880ED000A15
:1039B00000BD00B5F0EE402AF94890ED000A32EE65
:1039C000C00A80ED020AD0ED020AB0EE600AFEF7EE
:1039D00077FEF34890ED100AF9EE040A20EE200A73
:1039E000F04880ED000AEE4890ED100AF1EE040A6E
:1039F00020EE200AEC4880ED000AE94890ED100A1C
:103A0000F1EE040A20EE200AE84880ED000AE448BE
:103A100090ED100AF9EE040A20EE200ADF4880ED4E
:103A2000000A00BD10B52DED068BB0EE408ADA48D5
:103A300090ED000A38EE400ADD4880ED020AD0ED34
:103A4000020AB0EE600AFEF73BFED94890ED100A7C
:103A500010EE101A084606F097FD41EC1A0B9FED88
:103A6000D50B53EC102B06F004FD41EC190B06F0BE
:103A7000B7FDCC490860CE4890ED100A10EE101A40
:103A8000084606F081FD41EC1A0B9FEDCC0B53EC80
:103A9000102B06F0EEFC41EC190B06F0A1FDC2491B
:103AA0000860C34890ED100A10EE101A084606F0A0
:103AB0006BFD41EC1A0B9FEDC10B53EC102B06F084
:103AC000D8FC41EC190B06F08BFDB8490860B848EA
:103AD00090ED100A10EE101A084606F055FD41EC64
:103AE0001A0B9FEDB40B53EC102B06F0C2FC41EC0B
:103AF000190B06F075FDA9490860BDEC068B10BDD9
:103B000010B52DED068BB0EE408AAE4890ED000A60
:103B100030EE480A80ED020AD0ED020AB0EE600AEB
:103B2000FEF7CEFDA74890ED100A10EE101A0846D9
:103B300006F02AFD41EC1A0B9FEDA30B53EC102B62
:103B400006F097FC41EC190B06F04AFD9549086018
:103B50009C4890ED100A10EE101A084606F014FD6D
:103B600041EC1A0B9FED9A0B53EC102B06F081FCE5
:103B700041EC190B06F034FD8B490860914890ED3B
:103B8000100A10EE101A084606F0FEFC41EC1A0B63
:103B90009FED8A0B53EC102B06F06BFC41EC190BDC
:103BA00006F01EFD81490860864890ED100A10EE6F
:103BB000101A084606F0E8FC41EC1A0B9FED7D0B4D
:103BC00053EC102B06F055FC41EC190B06F008FDE8
:103BD00072490860BDEC068B10BD00B5F0EE402ABE
:103BE0006D4890ED000A32EEC00A7B4880ED020A73
:103BF000D0ED020AB0EE600AFEF762FD764890ED65
:103C0000100A764880ED000A734890ED100A744857
:103C100080ED000A704890ED100A724880ED000AAD
:103C20006D4890ED100A704880ED000A00BD00B5A7
:103C3000F0EE402A584890ED000A32EEC00A6B4878
:103C400080ED020AD0ED020AB0EE600AFEF738FD00
:103C5000664890ED100A634880ED000A634890EDD5
:103C6000100A614880ED000A00BD00B5F0EE402A60
:103C7000494890ED000A32EEC00A5D4880ED020A24
:103C8000D0ED020AB0EE600AFEF71AFD584890ED3A
:103C9000100AB1EE400A574880ED000A544890EDF2
:103CA000100A554880ED000A514890ED100A53481B
:103CB00080ED000A4E4890ED100AB1EE400A5048DF
:103CC00080ED000A00BD10B52DED068BB0EE408AE8
:103CD00004464C4890ED000A30EE480A80ED020A96
:103CE000D0ED020AB0EE600AFEF7EAFC012C03D028
:103CF000052C01D0092C4DD1424890ED020AB5EEB9
:103D0000C00AF1EE10FA46DD90ED100AB1EE400A5D
:103D1000334880ED000A3B4890ED100AB1EE400AAE
:103D2000314880ED000A374890ED100A10EE101A65
:103D3000084606F029FC41EC1A0B9FED330B53ECBF
:103D4000102B06F096FB41EC190B06F049FC2349B9
:103D500008602C4890ED100A10EE101A084606F084
:103D600013FC41EC1A0B9FED280B53EC102B06F0C3
:103D700080FB41EC190B06F033FC1A49086021481E
:103D800090ED100ADFED220A20EE200A194880ED9E
:103D9000000A3FE0F2E074E0E4030020A800002005
:103DA000280400209C000020A0000020A400002087
:103DB0006C040020333333333333E3BF33333333D3
:103DC0003333E33FB00400201F85EB51B81EE5BF3D
:103DD0001F85EB51B81EE53FF40400206C00002065
:103DE00070000020740000207800002038050020BA
:103DF0007C0500208C000020900000209400002012
:103E000098000020880A0020CDCCCCCCCCCCECBFD4
:103E10000000C842FE4890ED100A10EE101A084645
:103E200006F0B2FB41EC1A0B9FEDFA0B53EC102B92
:103E300006F01FFB41EC190B06F0D2FBF7490860B6
:103E4000F34890ED100A10EE101A084606F09CFB9D
:103E500041EC1A0B9FEDEF0B53EC102B06F009FB16
:103E600041EC190B06F0BCFBED490860E84890ED09
:103E7000100A5FED190A20EE200AEA4880ED000AD8
:103E80007DE1E34890ED100A10EE101A084606F0A6
:103E90007BFB41EC1A0B1FED240B53EC102B06F0AF
:103EA000E8FA41EC190B06F09BFBDF490860D848A3
:103EB00090ED100A10EE101A084606F065FB41EC72
:103EC0001A0B1FED2F0B53EC102B06F0D2FA41EC1E
:103ED000190B06F085FBD5490860CD4890ED100A16
:103EE000B1EE400AD24880ED000AC94890ED100AB0
:103EF000B1EE400ACF4880ED000AC54890ED100AA7
:103F00005FED3D0A20EE200ACB4880ED000AC04854
:103F100090ED100A10EE101A084606F035FB41EC41
:103F20001A0B9FEDBC0B53EC102B06F0A2FA41ECE0
:103F3000190B06F055FBB9490860B54890ED100A19
:103F400010EE101A084606F01FFB41EC1A0B9FED0D
:103F5000B10B53EC102B06F08CFA41EC190B06F068
:103F60003FFBAF490860AA4890ED100A5FED580A80
:103F700020EE200AAB4880ED000A00E1A44890ED55
:103F8000020AB5EEC00AF1EE10FA7CD290ED100AEA
:103F9000B1EE400AA44880ED000A9D4890ED100A59
:103FA000B1EE400AA14880ED000A994890ED100A50
:103FB00010EE101A084606F0E7FA41EC1A0B1FED56
:103FC0006E0B53EC102B06F054FA41EC190B06F073
:103FD00007FB974908608E4890ED100A10EE101A02
:103FE000084606F0D1FA41EC1A0B1FED790B53ECA1
:103FF000102B06F03EFA41EC190B06F0F1FA8D4950
:104000000860834890ED100A10EE101A084606F07A
:10401000BBFA41EC1A0B9FED890B53EC102B06F009
:1040200028FA41EC190B06F0DBFA8349086078485E
:1040300090ED100ADFED830A20EE200A774880ED2C
:10404000000A734890ED100ADFED7E0A20EE200A88
:10405000734880ED000A6E4890ED100A10EE101AB9
:10406000084606F091FA41EC1A0B9FED740B53ECE5
:10407000102B06F0FEF941EC190B06F0B1FA694974
:1040800008607CE0FFE7624890ED100AB1EE400A5C
:10409000654880ED000A5E4890ED100AB1EE400AD6
:1040A000624880ED000A5A4890ED100A10EE101A8E
:1040B000084606F069FA41EC1A0B1FEDAD0B53EC04
:1040C000102B06F0D6F941EC190B06F089FA584985
:1040D00008604F4890ED100A10EE101A084606F0DE
:1040E00053FA41EC1A0B1FEDB80B53EC102B06F0F2
:1040F000C0F941EC190B06F073FA4E4908604448C8
:1041000090ED100A10EE101A084606F03DFA41EC48
:104110001A0B9FED4A0B53EC102B06F0AAF941EC59
:10412000190B06F05DFA44490860394890ED100A11
:10413000DFED440A20EE200A384880ED000A3448BA
:1041400090ED100ADFED3F0A20EE200A344880EDA2
:10415000000A2F4890ED100A10EE101A084606F0DB
:1041600013FA41EC1A0B9FED350B53EC102B06F0B4
:1041700080F941EC190B06F033FA2A490860BDECCE
:10418000068B10BD10B52DED068BB0EE408A0446AF
:104190002D4890ED000A30EE480A80ED020AD0ED7D
:1041A000020AB0EE600AFEF78BFA012C03D0052C50
:1041B00001D0092C7DD1244890ED020AB5EEC00A49
:1041C000F1EE10FA76D290ED100A10EE101A0846B1
:1041D00006F0DAF941EC1A0B9FED1C0B53EC102B97
:1041E00006F047F941EC190B06F0FAF90E490860A0
:1041F000154890ED100A10EE101A084606F0C4F9A2
:1042000041EC1A0B9FED110B53EC102B22E0000038
:10421000880A002000000000008056C090000020A6
:1042200094000020980000206C0000207400002002
:1042300070000020780000208C00002000000000AA
:10424000008056400000C8C2440A0020CDCCCCCC2F
:10425000CCCCEC3F06F00DF941EC190B06F0C0F99F
:10426000E3490860E34890ED100AE34880ED000A56
:10427000E04890ED100AE14880ED000ADD4890ED3D
:10428000100A5FED100A20EE200ADD4880ED000ADA
:10429000D84890ED100A10EE101A084606F074F98E
:1042A00041EC1A0B1FED1B0B53EC102B06F0E1F841
:1042B00001E0A0E026E041EC190B06F091F9D149AC
:1042C0000860CC4890ED100A10EE101A084606F06F
:1042D0005BF941EC1A0B1FED270B53EC102B06F08A
:1042E000C8F841EC190B06F07BF9C7490860C148D2
:1042F00090ED100A5FED2D0A20EE200AC34880EDF4
:10430000000A71E1BB4890ED100A10EE101A084641
:1043100006F03AF941EC1A0B1FED340B53EC102B5D
:1043200006F0A7F841EC190B06F05AF9B8490860F5
:10433000B04890ED100A10EE101A084606F024F965
:1043400041EC1A0B1FED3F0B53EC102B06F091F8CC
:1043500041EC190B06F044F9A5490860A54890ED19
:10436000100AA54880ED000AA24890ED100AA34863
:1043700080ED000A9F4890ED100A5FED4E0A20EE96
:10438000200A9F4880ED000A9A4890ED100A10EE2E
:10439000101A084606F0F8F841EC1A0B1FED590BFD
:1043A00053EC102B06F065F841EC190B06F018F9E8
:1043B000944908608F4890ED100A10EE101A0846D4
:1043C00006F0E2F841EC1A0B1FED640B53EC102BD6
:1043D00006F04FF841EC190B06F002F98A49086023
:1043E000844890ED100A5FED690A20EE200A8748A4
:1043F00080ED000AF8E07F4890ED020AB5EEC00AB1
:10440000F1EE10FA78DD90ED100A814880ED000A97
:10441000784890ED100A764880ED000A754890EDD6
:10442000100A10EE101A084606F0AEF841EC1A0B0E
:104430001FED7A0B53EC102B06F01BF841EC190B17
:1044400006F0CEF86C4908606A4890ED100A10EE4C
:10445000101A084606F098F841EC1A0B1FED850B70
:1044600053EC102B06F005F841EC190B06F0B8F8E8
:10447000624908605F4890ED100A10EE101A084675
:1044800006F082F841EC1A0B9FED620B53EC102BF7
:1044900005F0EFFF41EC190B06F0A2F8584908604F
:1044A000544890ED100ADFED5D0A20EE200A5548D1
:1044B00080ED000A4F4890ED100ADFED580A20EE1B
:1044C000200A514880ED000A4A4890ED100A10EE8B
:1044D000101A084606F058F841EC1A0B9FED4D0BE8
:1044E00053EC102B05F0C5FF41EC190B06F078F8E2
:1044F0004649086078E0FFE73E4890ED100A4448DE
:1045000080ED000A3B4890ED100A394880ED000A22
:10451000384890ED100A10EE101A084606F034F8EC
:1045200041EC1A0B1FEDB70B53EC102B05F0A1FF5C
:1045300041EC190B06F054F82F4908602D4890ED16
:10454000100A10EE101A084606F01EF841EC1A0B7D
:104550001FEDC20B53EC102B05F08BFF41EC190B38
:1045600006F03EF825490860224890ED100A10EE4A
:10457000101A084606F008F841EC1A0B9FED250BBF
:1045800053EC102B05F075FF41EC190B06F028F8E1
:104590001B490860174890ED100ADFED200A20EE55
:1045A000200A184880ED000A124890ED100ADFED4D
:1045B0001B0A20EE200A144880ED000A0D4890EDF9
:1045C000100A10EE101A084605F0DEFF41EC1A0B37
:1045D0009FED100B53EC102B05F04BFF41EC190B2A
:1045E00005F0FEFF09490860BDEC068B10BD000018
:1045F00074000020440A0020700000207800002091
:104600008C000020900000209400002098000020E2
:104610006C00002000000000000052C00000A0421A
:104620001CB50121042004F0A9FC42F230000090E6
:1046300001208DF8040000208DF8060001208DF87F
:10464000070003208DF805006946024804F0F8F9D8
:104650001CBD0000000802401CB50121102004F020
:104660008DFC0120009000208DF8040001208DF8C1
:10467000070003208DF8050069462E4804F0E0F994
:104680000220009069462B4804F0DAF904200090DB
:104690006946284804F0D4F9082000906946254866
:1046A00004F0CEF91CBD10B52348007858B3234858
:1046B000006858B12148001D006838B11F48083013
:1046C000006818B11D480C300068E0B90A20FDF7F9
:1046D000CFFB0020184908701848006808B901206D
:1046E00010BD1648001D006808B90220F8E71348FD
:1046F0000830006808B90320F2E710480C30006861
:10470000B0B90420ECE70D480068012810D10B482F
:10471000001D006801280BD10848083000680128F6
:1047200006D106480C300068012801D10249087002
:104730000020D5E700100240E800002000024242BD
:1047400010B5FA4B19600023F94CC4F8B0320022BE
:1047500016E00023F54C0834236000F080031BB101
:104760000123241F236003E00023F04C241D236059
:104770000123EE4C083423604306180E531CDAB2B2
:10478000082AE6DB0123E94C241F2360E84CC4F827
:10479000B43210BD30B500241CE004F1B001C8B241
:1047A0000021FFF7CDFF00210846FFF7C9FF0021D8
:1047B0001020FFF7C5FF002508E0DE4901EBC50129
:1047C000085D0121FFF7BCFF681CC5B2802DF4DB3A
:1047D000601CC4B2082CE0DB30BD00B500218D2088
:1047E000FFF7AEFF00211420FFF7AAFF0021AF2042
:1047F000FFF7A6FF00BD00B500218D20FFF7A0FF49
:1048000000211020FFF79CFF0021AE20FFF798FF4A
:1048100000BD00200CE0002106E00022C54B03EBA8
:10482000C1031A544A1CD1B28029F6DB421CD0B213
:104830000828F0DB7047F0B5144600267F2801DC1D
:104840003F2900DDF0BD0B46CF1701EB5777FF1076
:10485000C7F10707FAB2CF1701EB5777FF10A1EBAB
:10486000C707FDB2C5F107070123BB40DEB24CB15B
:10487000B04B03EBC0039B5C3343AE4F07EBC00769
:10488000BB5408E0AB4B03EBC0039B5CB343A94FA5
:1048900007EBC007BB5400BFD4E72DE9F04706463D
:1048A0000F4690469946DDF820A034460CE03D4680
:1048B00006E0524629462046FFF7BDFF681CC5B2F8
:1048C0004D45F6DD601CC4B24445F0DDFFF762FFE4
:1048D000BDE8F0872DE9F84F80460F4616461C4686
:1048E000BA462046E31704EB5373DB1021464FEA28
:1048F000E47C04EB5C7C4FEAEC0CA4EBCC0CBCF14C
:10490000000F02D04FF0010C01E04FF0000C6344A7
:10491000224604EBD27C4FEA6C0C03FB0CF303F051
:10492000FF0BA6F12000C6B200254EE00C2C07D1EB
:1049300006EB4600804901EB8000405D009013E0EB
:10494000102C05D17D4800EB0610405D00900BE077
:10495000182C07D106EBC600794901EB8000405DB9
:10496000009001E0BDE8F88F4FF0000927E00098C3
:1049700000F0800028B1394640460A9AFFF75BFFF5
:1049800009E00A9808B9012000E0002002463946F3
:104990004046FFF750FF00984006000E0090781C3C
:1049A000C7B2A7EB0A00A04205D1574608F10100A3
:1049B00000F0FF0806E009F1010000F0FF09B9F17D
:1049C000080FD4DB00BF681CC5B25D45AEDB00BF7D
:1049D000C8E710B50246012000E050430B00A1F1EA
:1049E0000104E1B2F9D110BD2DE9FF4F81B00746B6
:1049F00091461E460E9D4FF0000A002439E0301B00
:104A0000401EC1B20A20FFF7E4FFB9FBF0F00A2113
:104A1000B0FBF1F201FB1208BAF1000F16D1701EC3
:104A2000A04213DDB8F1000F0ED10120AB4605EB1B
:104A3000DB71491001FB04710090C8B22B462022A3
:104A40000299FFF747FF12E04FF0010A0120AB4641
:104A500005EBDB71491001FB04710090C8B208F14D
:104A60003001CAB22B460299FFF734FF00BF601C29
:104A7000C4B2B442C3DB05B0BDE8F08FF8B506465A
:104A80000F4615461C4621E004EBD4714910C1F1D4
:104A90008001B14202DA00263819C7B2C4F14000E1
:104AA000B84204DA002006460746FFF7B2FE0120AE
:104AB00000902A78234639463046FFF70BFF204600
:104AC00004EBD07106EB6101CEB26D1C28787E2814
:104AD00002DC28782028D7DAF8BD2DE9F841044611
:104AE0000F4615469846079E002D0EDA334615A24E
:104AF00039462046FFF7C2FF611DC8B243466A42ED
:104B000039460096FFF770FF0DE033460EA2394696
:104B10002046FFF7B3FF611DC8B243462A46394617
:104B20000096FFF761FFBDE8F8810000B4824042C3
:104B300000804042CC0A0020F8A800086CAD0008B4
:104B40005CB300082D000000200000002DE9FF4F9D
:104B50002DED020B82B0804617461E46119C4FF089
:104B6000000900200190002508F1070000F0FF096E
:104B7000204604EBD071491001FB0791491CCDB2CE
:104B800004EBD07105EB6101C9B20191B5EEC00A29
:104B9000F1EE10FA0FD22346AFF2580240460599C3
:104BA000FFF76CFFF1EE400A9FEDFD1A60EE810AFF
:104BB000B0EE600A0CE02346AFF27402404605995D
:104BC000FFF75CFFDFEDF60A60EE200AB0EE600A48
:104BD000DFEDF30A80EE201AFCEEC10A10EE90AA77
:104BE0003B465246009448460599FFF7FDFE234692
:104BF000ECA228460599FFF741FF012E04D0022EB2
:104C000016D0032E13D15CE0FDEEC00A10EE900A20
:104C1000642190FBF1F00A2190FBF1F201FB120AF2
:104C200033465246009405990198FFF7DDFEC9E02E
:104C3000FDEEC00A10EE900A0A2190FBF1F064210B
:104C400090FBF1F201FB12000A2826DAA24604EBDF
:104C5000DA7105EB6101C8B20123002200940599C5
:104C6000FFF7C2FEFDEEC00A10EE900A0A2190FB8B
:104C7000F1F0642190FBF1F201FB120B04EBDA710D
:104C80004910022202FB0151C8B2711ECBB25A4632
:104C900000940599FFF7A8FE12E0FDEEC00A10EEA1
:104CA000900A0A2190FBF1F0642190FBF1F201FBE4
:104CB000120A33465246009405990198FFF794FE74
:104CC00080E0FDEEC00A10EE900A4FF47A7190FB7E
:104CD000F1F201FB12000A2831DAA24604EBDA7184
:104CE00005EB6101C8B20123002200940599FFF78A
:104CF0007BFE04EBDA714910022202FB0151C8B2BB
:104D00000123002200940599FFF76EFEFDEEC00A14
:104D100010EE900A4FF47A7190FBF1F201FB120B46
:104D200004EBDA714910032202FB0151C8B2B11E33
:104D3000CBB25A4600940599FFF756FE41E0FDEECE
:104D4000C00A10EE900A4FF47A7190FBF1F201FB69
:104D50001200642824DAA24604EBDA7105EB610143
:104D6000C8B20123002200940599FFF73DFEFDEE35
:104D7000C00A10EE900A4FF47A7190FBF1F201FB39
:104D8000120B04EBDA714910022202FB0151C8B286
:104D9000711ECBB25A4600940599FFF725FE10E02C
:104DA000FDEEC00A10EE900A4FF47A7190FBF1F21A
:104DB00001FB120A33465246009405990198FFF709
:104DC00013FE00BF00BF08B0BDE8F08F2DE9F84F1B
:104DD00006460C461746A24620200090724800EB7B
:104DE000471B00252BE01BF805804FF0000920E051
:104DF00008F0800028B1012221463046FFF71BFD54
:104E000004E0002221463046FFF715FD4FEA4860D6
:104E10004FEA1068601CC4B2A4EB0A00102804D149
:104E20000AF0FF04701CC6B206E009F1010000F0B0
:104E3000FF09B9F1080FDBDB00BF681CC5B20098A1
:104E40008542D0DBBDE8F88F1CB50121022004F0BB
:104E500095F84FF48050009001208DF80400002058
:104E60008DF8060003208DF8050001208DF807005D
:104E700069464E4803F0E4FD4FF400500090694647
:104E80004A4803F0DDFD4FF48040009069464748F2
:104E900003F0D6FD4FF4004000906946434803F00C
:104EA000CFFD4FF48051414803F048FE4FF40051CC
:104EB0003E4803F043FE4FF480413C4803F03EFE81
:104EC0004FF40041394803F039FE012038490860A9
:104ED0000021AE20FFF734FC0021D520FFF730FC85
:104EE0000021F020FFF72CFC0021A820FFF728FC70
:104EF00000213F20FFF724FC0021D320FFF720FCF6
:104F000000210846FFF71CFC00214020FFF718FC99
:104F100000218D20FFF714FC00211420FFF710FC66
:104F200000212020FFF70CFC00210220FFF708FCE5
:104F30000021A120FFF704FC0021C020FFF700FCA6
:104F40000021DA20FFF7FCFB00211220FFF7F8FB1D
:104F500000218120FFF7F4FB0021EF20FFF7F0FB99
:104F60000021D920FFF7ECFB0021F120FFF7E8FB3F
:104F70000021DB20FFF7E4FB00213020FFF7E0FBFE
:104F80000021A420FFF7DCFB0021A620FFF7D8FBBF
:104F90000021AF20FFF7D4FBFFF73BFC1CBD000056
:104FA00000007A442E000000E900002000040240C6
:104FB000B082404210B596B004460121102004F0A2
:104FC00037F80121880503F0D9FF46208DF85400F9
:104FD00001208DF8550000208DF8560001208DF835
:104FE000570015A803F067FAFE4803F0CFFA4FF018
:104FF00000600090FC480190FC4802904020039023
:105000000F200490002005904FF48060069000204F
:105010000790089009904FF400300A9000200B9000
:1050200001200C9000200D900E906946ED4803F091
:105030004FFB01221021EB4803F011FC01228021DB
:10504000E948001F05F0DCF80021E64803F07AFB90
:105050000121880503F092FFE248783803F096FAC0
:105060004FF000600090E0480190E148029000207D
:1050700003900F200490002005904FF4806006906C
:105080000020079008904FF4807009904FF4403052
:105090000A906946D348783803F01AFB0121D148B9
:1050A000783803F04FFB01224021CF48001F05F064
:1050B000A7F80020ADF84000ADF84200ADF844007C
:1050C000ADF848000C20ADF846000F940FA9C64873
:1050D000001F04F060FF25208DF8540002208DF899
:1050E00055008DF8560001208DF8570015A803F0E3
:1050F000E2F901228021BC48001F05F081F801225D
:105100004021B948001F05F07BF8002240F22661DB
:10511000B548001F05F07DF8002240F22551B24845
:10512000001F05F076F8002240F22771AE48001FFC
:1051300005F06FF8012240F22441AB48001F05F052
:1051400068F80121A848001F04F0ADFF01210220EA
:1051500003F014FF07220621A64803F0FCFC0722F7
:105160001146A44803F0F7FC02208DF850000020FF
:105170008DF8520001208DF8530003208DF8510066
:105180004020139013A99B4803F05AFC02208DF88D
:10519000500000208DF853008020139013A99548EB
:1051A00003F04EFC16B010BD70B504460D464FF02E
:1051B00020518C4803F03FFB8A48001D0560894858
:1051C0000C3004608748006840F0010085490860A1
:1051D00070BD10B588498348783803F02CFB002156
:1051E0008048783803F0AEFA0F207E4974390860A1
:1051F00001217C48783803F0A5FA10BD10B540F2C3
:1052000024417948001F05F03FF838B17648001F67
:1052100004F078FF0446FFF7DCFF12E040F226615D
:105220007148001F05F030F858B140F226616E4811
:10523000001F05F064F86B48006820F00100694920
:10524000086010BD10B56D49664803F025FB70B1CC
:105250006A49644803F0EFFA0021624803F072FAE9
:10526000012240F226616048001F04F0D2FF10BD09
:105270007FB50024AA222146641C61484254FF22C3
:105280002146641C4254F1222146641C42541422DB
:105290002146641C42549DF800202146641C42545F
:1052A0009DF801202146641C42549DF804202146AB
:1052B000641C42549DF805202046611CCCB2504924
:1052C0000A549DF808202046611CCCB24C490A546F
:1052D0009DF809202046611CCCB249490A549DF82A
:1052E0000C202046611CCCB245490A549DF80D2083
:1052F0002046611CCCB242490A549DF82020204629
:10530000611CCCB23E490A549DF821202046611C04
:10531000CCB23B490A549DF824202046611CCCB2F3
:1053200037490A549DF825202046611CCCB23449E7
:105330000A549DF828202046611CCCB230490A54FA
:105340009DF829202046611CCCB22D490A549DF8B5
:105350002C202046611CCCB229490A549DF82D20EE
:105360002046611CCCB226490A549DF830202046C4
:10537000611CCCB222490A549DF831202046611CA0
:10538000CCB21F490A549DF834202046611CCCB28F
:105390001B490A549DF835202046611CCCB218499F
:1053A0000A5400250026002007E01549095C29441D
:1053B000CDB27119CEB2411CC8B21149C978091DCC
:1053C0008142F2DC2046611CCCB20D490D542046CE
:1053D000611CCCB20A490E5421460948FFF7E4FE8D
:1053E0007FBD0000B864024004100140DB0E0020C5
:1053F000CC0E00200004024000803D1000800028F8
:10540000EA0E002010B596B004460121480403F0CE
:10541000FEFD0121480503F0B1FD11208DF80000CB
:1054200002208DF8010000208DF8020001208DF887
:105430000300684603F03FF8DC4803F0A7F84FF09C
:1054400000600190DA480290DA480390402004900E
:105450000B200590002006904FF4806007900020FC
:10546000089009900A904FF400300B9000200C90A7
:1054700001200D9000200E900F9001A9CB4803F061
:1054800027F901221021C94803F0E9F901228021FE
:10549000C748001F04F0B4FE0021C44803F052F9CD
:1054A0000121480503F06AFDC048183803F06EF882
:1054B0004FF000600190BE480290BF48039000206A
:1054C00004900B200590002006904FF48060079018
:1054D0000020089009904FF480700A904FF44030FB
:1054E0000B9001A9B148183803F0F2F80121AF4838
:1054F000183803F027F901224021AD48001F04F0BD
:105500007FFE0020ADF84400ADF84600ADF848003D
:10551000ADF84C000C20ADF84A00109410A9A44836
:10552000001F04F038FD26208DF8000000208DF8C3
:10553000010002208DF8020001208DF8030068466A
:1055400002F0B9FF012280219948001F04F058FEA3
:10555000012240219648001F04F052FE002240F232
:1055600026619348001F04F054FE002240F22551AA
:105570008F48001F04F04DFE002240F227718C4836
:10558000001F04F046FE012240F224418848001F1B
:1055900004F03FFE01218648001F04F084FD012134
:1055A000082003F0EBFC07220521844803F0D3FA1E
:1055B00007220621814803F0CEFA02208DF854001C
:1055C00000208DF8560001208DF8570003208DF83B
:1055D00055002020149014A9784803F031FA0220D5
:1055E0008DF8540000208DF857004020149014A925
:1055F000724803F025FA16B010BD70B504460D468A
:105600006F496A4803F017F96848001D056067484C
:10561000A038C0F8AC40D0F8A00040F001006349C9
:10562000A039C1F8A00070BD10B566495F481838B0
:1056300003F001F900215D48183803F083F80B20CE
:105640005A491439086001215848183803F07AF88B
:1056500010BD10B540F224415548001F04F014FE5F
:10566000002876D05248001F04F04CFD04465248F2
:10567000007855285DD150484078532859D14E487C
:10568000C079514908804C488079504908800846C3
:1056900000884D49097840EA012000B24C49088051
:1056A0000846B0F9000000EE100AB8EEC00A9FEDFF
:1056B000491AC0EE010A9FED480A20EE800A4748C9
:1056C00080ED000A90ED000A4548D0ED000A30EE6A
:1056D000600A424880ED000A42480078022812D150
:1056E0003E4890ED000ADFED3C0AB4EEE00AF1EE30
:1056F00010FA08DD90ED000ADFED3B0A30EE600A9B
:1057000080ED000A15E037480078032811D13348AE
:1057100090ED000ADFED350AB4EEE00AF1EE10FA82
:1057200007D290ED000ADFED300A30EE200A80ED5E
:10573000000A2A4890ED000A2D4880ED000A40F248
:1057400024411B48001F04F0DAFDFFF76DFF15E050
:10575000FFE740F226611648001F04F095FD68B18E
:1057600040F226611248001F04F0C9FD0F4800688E
:1057700020F001000D49A039C1F8A00010BD10B5FE
:105780001C490A4803F088F870B11A49074803F029
:1057900052F80021054802F0D5FF012240F22661AF
:1057A0000348001F04F035FD10BD0000A06002405A
:1057B00004440040270F00201C0F0020000C024072
:1057C00000002020408F0020B0010020B201002006
:1057D000B40100200000004700003443B80100205D
:1057E000C0010020C40100200000B443000034C305
:1057F000AC0100200080202010B596B004460121A5
:10580000880403F004FC0121480503F0B7FB0E20D7
:105810008DF8540002208DF855008DF856000120B7
:105820008DF8570015A802F046FEFE4802F0AEFEC5
:105830004FF000600090FC480190FC48029040202E
:1058400003900F200490002005904FF48060069094
:1058500000200790089009904FF400300A90002033
:105860000B9001200C9000200D900E906946ED48A1
:1058700002F02EFF01221021EA4802F0F0FF01227F
:105880008021E948001F04F0BBFC0021E54802F03C
:1058900059FF0121480503F071FBE248303802F05E
:1058A00075FE4FF000600090DF480190E0480290E4
:1058B000002003900F200490002005904FF480609A
:1058C00006900020079008904FF4807009904FF4E4
:1058D00040300A906946D348303802F0F9FE012181
:1058E000D048303802F02EFF01224021CE48001F60
:1058F00004F086FC0020ADF84000ADF84200ADF8A1
:105900004400ADF848000C20ADF846000F940FA9F4
:10591000C548001F04F03FFB27208DF854000020ED
:105920008DF8550002208DF8560001208DF85700A3
:1059300015A802F0C0FD01228021BB48001F04F021
:105940005FFC01224021B848001F04F059FC0022EE
:1059500040F22661B448001F04F05BFC002240F2D4
:105960002551B148001F04F054FC002240F2277179
:10597000AD48001F04F04DFC012240F22441AA482A
:10598000001F04F046FC0121A748001F04F08BFB18
:105990000121082003F0F2FA07220821A54803F0AC
:1059A000DAF807220921A34803F0D5F802208DF880
:1059B000500000208DF8520001208DF85300032084
:1059C0008DF851004FF48070139013A9994803F09B
:1059D00037F802208DF8500000208DF853004FF466
:1059E0000070139013A9934803F02AF816B010BD65
:1059F00070B504460D464FF0C0518A4802F01BFFB7
:105A000088485838C5654466806D40F00100854976
:105A10005839886570BD10B587498248303802F022
:105A20000AFF00217F48303802F08CFE0F207D49AC
:105A30005839C86201217B48303802F083FE10BD1E
:105A400010B540F224417848001F04F01DFC38B125
:105A50007548001F04F056FB0446FFF7DCFF14E016
:105A600040F226617048001F04F00EFC68B140F25D
:105A700026616D48001F04F042FC6A485838806D6A
:105A800020F0010067495839886510BD10B56B4991
:105A9000644802F001FF70B16849624802F0CBFE31
:105AA0000021604802F04EFE012240F226615E486D
:105AB000001F04F0AEFB10BD7FB50024AA222146D2
:105AC000641C5F484254FF222146641C4254F12268
:105AD0002146641C425414222146641C42549DF801
:105AE00000202146641C42549DF801202146641C7C
:105AF00042549DF804202146641C42549DF8052020
:105B00002046611CCCB24E490A549DF8082020461C
:105B1000611CCCB24A490A549DF809202046611CF8
:105B2000CCB247490A549DF80C202046611CCCB2E7
:105B300043490A549DF80D202046611CCCB24049CF
:105B40000A549DF820202046611CCCB23C490A54DE
:105B50009DF821202046611CCCB239490A549DF899
:105B600024202046611CCCB235490A549DF82520DA
:105B70002046611CCCB232490A549DF828202046A8
:105B8000611CCCB22E490A549DF829202046611C84
:105B9000CCB22B490A549DF82C202046611CCCB273
:105BA00027490A549DF82D202046611CCCB2244977
:105BB0000A549DF830202046611CCCB220490A547A
:105BC0009DF831202046611CCCB21D490A549DF835
:105BD00034202046611CCCB219490A549DF8352066
:105BE0002046611CCCB216490A540025002600202C
:105BF00007E01349095C2944CDB27119CEB2411CAA
:105C0000C8B20F49C978091D8142F2DC2046611CE7
:105C1000CCB20B490D542046611CCCB208490E543D
:105C200021460FE05860024004480040410F002028
:105C3000320F0020000C0240408F0010008000183E
:105C4000500F00200148FFF7D3FE7FBD500F00200A
:105C500010B596B004460121C80403F0D8F901211B
:105C6000480503F08BF90F208DF8540002208DF8C1
:105C7000550003208DF8560001208DF8570015A817
:105C800002F019FCFD4802F081FC4FF0006000902A
:105C9000FB480190FB480290402003900F200490A5
:105CA000002005904FF48060069000200790089037
:105CB00009904FF400300A9000200B9001200C90C6
:105CC00000200D900E906946EC4802F001FD012283
:105CD0001021EA4802F0C3FD01228021E848001F9C
:105CE00004F08EFA0021E54802F02CFD0121480560
:105CF00003F044F9E148303802F048FC4FF000600E
:105D00000090DF480190E0480290002003900F20AF
:105D10000490002005904FF48060069000200790CA
:105D200008904FF4807009904FF440300A90694613
:105D3000D248303802F0CCFC0121D048303802F093
:105D400001FD01224021CE48001F04F059FA002035
:105D5000ADF84000ADF84200ADF84400ADF84800A1
:105D60000C20ADF846000F940FA9C548001F04F0A1
:105D700012F934208DF8540000208DF855000220CF
:105D80008DF8560001208DF8570015A802F093FBFE
:105D900001228021BA48001F04F032FA012240217A
:105DA000B748001F04F02CFA002240F22661B448E4
:105DB000001F04F02EFA002240F22551B048001FC7
:105DC00004F027FA002240F22771AD48001F04F0CA
:105DD00020FA012240F22441A948001F04F019FAD8
:105DE0000121A748001F04F05EF90121042003F0FF
:105DF000C5F808220A21A54802F0ADFE08220B21B1
:105E0000A24802F0A8FE02208DF8500000208DF874
:105E1000520001208DF8530003208DF851004FF4FB
:105E20008060139013A9994802F00AFE02208DF8B1
:105E3000500000208DF853004FF40060139013A918
:105E4000924802F0FDFD16B010BD70B504460D4637
:105E50008F498A4802F0EFFC884870384567C4676C
:105E6000006F40F0010085497039086770BD10B5BA
:105E700088498248303802F0DEFC00217F48303803
:105E800002F060FC0F207D497039486401217B4895
:105E9000303802F057FC10BD10B540F2244178486C
:105EA000001F04F0F1F938B17548001F04F02AF919
:105EB0000446FFF7DCFF14E040F226617048001F43
:105EC00004F0E2F968B140F226616D48001F04F069
:105ED00016FA6A487038006F20F00100674970397F
:105EE000086710BD10B56C49644802F0D5FC70B16C
:105EF0006949624802F09FFC0021604802F022FCE0
:105F0000012240F226615E48001F04F082F910BDB4
:105F10003FB50020AA250446401C604A1555FF25C0
:105F20000446401C1555F1250446401C1555142502
:105F30000446401C15559DF800500446401C15555C
:105F40009DF801500446401C15559DF80450044628
:105F5000401C15559DF805500246441CE0B24F4CBC
:105F6000A5549DF808500246441CE0B24B4CA55481
:105F70009DF809500246441CE0B2484CA5549DF8D7
:105F80000C500246441CE0B2444CA5549DF80D5000
:105F90000246441CE0B2414CA5549DF81C500246F8
:105FA000441CE0B23D4CA5549DF81D500246441CD3
:105FB000E0B23A4CA5549DF820500246441CE0B291
:105FC000364CA5549DF821500246441CE0B2334C97
:105FD000A5549DF824500246441CE0B22F4CA55411
:105FE0009DF825500246441CE0B22C4CA5549DF867
:105FF00028500246441CE0B2284CA5549DF8295074
:106000000246441CE0B2254CA5549DF82C50024693
:10601000441CE0B2214CA5549DF82D500246441C6E
:10602000E0B21E4CA5549DF830500246441CE0B22C
:106030001A4CA5549DF831500246441CE0B2174C4E
:10604000A55400210023002207E0144CA45C0C445A
:10605000E1B25C18E3B2541CE2B2104CE478241DA7
:106060009442F2DC0246441CE0B20C4CA1540246BD
:10607000441CE0B2094CA3543FBD000070600240D4
:10608000044C0040910F0020820F002000080240C5
:106090002000002000803D1020800020A00F002064
:1060A0007FB504460D460121202002F0B0FF681E96
:1060B00080B2ADF80400601E02900020ADF806002A
:1060C000ADF80C0001A90D4803F059F90122114661
:1060D0000A4803F0F5FD0121084803F0D9F93720FB
:1060E0008DF8000000208DF8010001208DF80200DD
:1060F0008DF80300684602F0DEF97FBD0014004011
:1061000030B58BB005460C460121042002F07FFF1C
:106110000121082002F032FF02220C21FE4802F089
:106120001AFD02220D21FC4802F015FD02220E216B
:10613000F94802F010FD02220F21F74802F00BFD92
:106140004FF47040099002208DF8280000208DF84F
:106150002A0002208DF82B0003208DF8290009A9C0
:10616000ED4802F06DFC681E0790601E80B2ADF82D
:1061700018000020ADF82000ADF81A0006A9E74885
:1061800003F0FDF86020ADF804000020039001202A
:10619000ADF806000020ADF8120001A9DF4803F0B9
:1061A00083F901A9DD4803F0B8F901A9DB4803F040
:1061B00001FA01A9D94803F063FA0821D74803F08E
:1061C00000FB0821D54803F005FB0821D34803F064
:1061D0000EFB0821D14803F013FB0121CF4803F047
:1061E00039F90121CD4803F053F90BB030BD30B57A
:1061F0008BB005460C460121022002F019FF012157
:10620000042002F0BBFE03220621C54802F0A3FCD5
:1062100003220721C24802F09EFC03220821C04845
:1062200002F099FC03220921BD4802F094FC4FF4CE
:106230007070099002208DF8280000208DF82A0047
:1062400002208DF82B0003208DF8290009A9B448FD
:1062500002F0F6FB681E0790601E80B2ADF81800D1
:106260000020ADF82000ADF81A0006A9AD4803F0F3
:1062700086F86020ADF80400002003900120ADF8FE
:1062800006000020ADF8100001A9A64803F00CF9A3
:1062900001A9A44803F041F901A9A24803F08AF931
:1062A00001A9A04803F0ECF901219E4803F0E1FCAC
:1062B00008219C4803F085FA08219A4803F08AFADD
:1062C0000821984803F093FA0821964803F098FAB9
:1062D0000121944803F0BEF80121924803F0D8F858
:1062E0000BB030BD10B52DED088BB0EE408A9FEDA0
:1062F0008E0AB4EEC08AF1EE10FA04DB9FED8A0A32
:10630000B0EE408A0AE0B1EE040AB4EEC08AF1EEC3
:1063100010FA03D8B1EE040AB0EE408A18EE100A63
:1063200004F032F941EC1B0B9FED800B53EC102B6A
:1063300004F09FF841EC1A0B9FED7E0B53EC102BF1
:1063400003F0F0FF41EC190B04F005F984B2734837
:1063500034300460BDEC088B10BD10B52DED088BFA
:10636000B0EE408A9FED700AB4EEC08AF1EE10FAEA
:1063700004DB9FED6D0AB0EE408A0AE0B1EE040A3C
:10638000B4EEC08AF1EE10FA03D8B1EE040AB0EE12
:10639000408A18EE100A04F0F7F841EC1B0B9FED51
:1063A000630B53EC102B04F064F841EC1A0B9FEDD7
:1063B000610B53EC102B03F0B5FF41EC190B04F00B
:1063C000CAF884B2554838300460BDEC088B10BD63
:1063D00010B52DED088BB0EE408A9FED530AB4EE58
:1063E000C08AF1EE10FA04DB9FED4F0AB0EE408A4E
:1063F0000AE0B1EE040AB4EEC08AF1EE10FA03D856
:10640000B1EE040AB0EE408A18EE100A04F0BCF8AF
:1064100041EC1B0B9FED450B53EC102B04F029F8BE
:1064200041EC1A0B9FED430B53EC102B03F07AFF5A
:1064300041EC190B04F08FF884B238483C3004600A
:10644000BDEC088B10BD10B52DED088BB0EE408A69
:106450009FED350AB4EEC08AF1EE10FA04DB9FED31
:10646000320AB0EE408A0AE0B1EE040AB4EEC08A05
:10647000F1EE10FA03D8B1EE040AB0EE408A18EE3D
:10648000100A04F081F841EC1B0B9FED280B53EC34
:10649000102B03F0EEFF41EC1A0B9FED260B53EC93
:1064A000102B03F03FFF41EC190B04F054F884B2B9
:1064B0001A4840300460BDEC088B10BD10B52DEDBE
:1064C000088BB0EE408A9FED180AB4EEC08AF1EE58
:1064D00010FA04DB9FED140AB0EE408A0AE0B1EE38
:1064E000040AB4EEC08AF1EE10FA03D8B1EE040A41
:1064F000B0EE408A18EE100A04F046F841EC1B0B8F
:106500009FED0A0B53EC102B03F0B3FF41EC1A0B79
:106510009FED080B12E00000000C02400008004054
:10652000000802400004014000005C439A999999D8
:1065300099991D400000000000407F4053EC102B53
:1065400003F0F0FE41EC190B04F005F884B2744836
:106550000460BDEC088B10BD10B52DED088BB0EEBE
:10656000408A1FED0F0AB4EEC08AF1EE10FA04DB88
:106570001FED130AB0EE408A0AE0B1EE040AB4EE51
:10658000C08AF1EE10FA03D8B1EE040AB0EE408AE8
:1065900018EE100A03F0F8FF41EC1B0B1FED1D0B6A
:1065A00053EC102B03F065FF41EC1A0B1FED1F0B92
:1065B00053EC102B03F0B6FE41EC190B03F0CBFFAC
:1065C00084B25748001D0460BDEC088B10BD10B5A7
:1065D0002DED088BB0EE408A1FED2D0AB4EEC08A77
:1065E000F1EE10FA04DB1FED300AB0EE408A0AE04B
:1065F000B1EE040AB4EEC08AF1EE10FA03D8B1EE9F
:10660000040AB0EE408A18EE100A03F0BDFF41EC18
:106610001B0B1FED3A0B53EC102B03F02AFF41EC40
:106620001A0B1FED3C0B53EC102B03F07BFE41ECDF
:10663000190B03F090FF84B2394808300460BDECB8
:10664000088B10BD10B52DED088BB0EE408A1FED04
:106650004A0AB4EEC08AF1EE10FA04DB1FED4E0ACE
:10666000B0EE408A0AE0B1EE040AB4EEC08AF1EE60
:1066700010FA03D8B1EE040AB0EE408A18EE100A00
:1066800003F082FF41EC1B0B1FED580B53EC102B5A
:1066900003F0EFFE41EC1A0B1FED5A0B53EC102BDD
:1066A00003F040FE41EC190B03F055FF84B21C4887
:1066B0000C300460BDEC088B10BD10B51948D0ED4E
:1066C000000A194890ED001A70EE810AB0EE600AD7
:1066D000FFF708FE1548D0ED000A154890ED001AA6
:1066E00070EE810AB0EE600AFFF737FE1148D0ED78
:1066F000000A114890ED001A70EE810AB0EE600AAF
:10670000FFF766FE0D48D0ED000A0D4890ED001A27
:1067100070EE810AB0EE600AFFF795FE10BD000032
:10672000340401402C0000206C00002030000020C8
:106730007000002034000020740000203800002089
:106740007800002030B589B005460C4601210804C8
:1067500002F06EFC0121102002F010FCFE4802F055
:1067600061FD6020079002208DF8200003208DF845
:10677000210000208DF8220002208DF8230007A9B7
:10678000F64802F05DF903220521F44802F0E3F92E
:1067900003220621F14802F0DEF90595ADF810401C
:1067A0000020ADF81800ADF8120004A9EA4802F084
:1067B000E6FD0020ADF806000120ADF8080000203D
:1067C000ADF80A00ADF80C00ADF8040001A9E248EC
:1067D00003F0ACF90420ADF8040001A9DE4803F091
:1067E000A5F918208DF8000000208DF801008DF823
:1067F000020001208DF80300684601F05CFE0122D2
:106800000721D54803F05CFA0121D34802F040FE8D
:1068100009B030BD30B589B005460C4601210846A7
:1068200002F0F5FB0121022002F0A8FB012108463D
:1068300002F0A4FB4FF0804002F0F4FC042007902B
:1068400002208DF8200003208DF8210000208DF813
:10685000220002208DF8230007A9C14802F0F0F8B9
:106860000820079002208DF8200003208DF82100D9
:1068700000208DF8220002208DF8230007A9B848D7
:1068800002F0DEF82020079002208DF8200003207F
:106890008DF8210000208DF8220002208DF82300C1
:1068A00007A9AF4802F0CCF80820079002208DF825
:1068B000200003208DF8210000208DF82200022006
:1068C0008DF8230007A9A74802F0BAF80122022197
:1068D000A34802F040F901220321A14802F03BF94C
:1068E000012205219E4802F036F9012203219D482C
:1068F00002F031F90595ADF810400020ADF8180010
:10690000ADF8120004A94FF0804002F038FD0020DD
:10691000ADF806000120ADF808000020ADF80A002F
:10692000ADF80C00ADF8040001A94FF0804003F071
:10693000FDF80420ADF8040001A9000703F0F6F803
:106940000820ADF8040001A9C00603F0EFF80C2000
:10695000ADF8040001A94FF0804003F0E7F81C20D7
:106960008DF8000000208DF801008DF80200012054
:106970008DF80300684601F09EFD01221F2190075B
:1069800003F09EF90121880702F082FD09B030BDB5
:106990001CB50121102002F0F1FA4FF48050009054
:1069A00001208DF8040000208DF8060003208DF8EA
:1069B00005006946694802F043F84FF48051674882
:1069C00002F0BCF80121102002F0D8FA4FF4005078
:1069D000009001208DF8040000208DF806000320AF
:1069E0008DF8050069465D4802F02AF84FF4005121
:1069F0005A4802F0A3F80121022002F0BFFA012058
:106A000000908DF8040000208DF8060003208DF81A
:106A100005006946534802F013F80121514802F07D
:106A20008DF80121082002F0A9FA0220009001202F
:106A30008DF8040000208DF8060003208DF8050075
:106A40006946494801F0FCFF0221474802F076F808
:106A50000121082002F092FA0420009001208DF814
:106A6000040000208DF8060003208DF8050069461B
:106A70003D4801F0E5FF04213B4802F05FF80121A9
:106A8000082002F07BFA0820009001208DF8040015
:106A900000208DF8060003208DF805006946324875
:106AA00001F0CEFF0821304802F048F853214FF69C
:106AB000FF70FFF7AFFEA7214FF6FF70FFF742FE12
:106AC0001CBD10B52948007800F08000002879D15D
:106AD0000121880703F00BF9E0B12448007800F0A9
:106AE0004000B8B12148007800F0020002280CD123
:106AF00000201E49087000214FF0804002F00FFF77
:106B00004FF0FF301949886004E018480078401CB5
:106B1000164908700821C80603F0E9F800287ED05D
:106B20000821C80603F0F4F81048007800F040008F
:106B3000002865D04FF0804003F07CF80B49888036
:106B4000084680884988401A0849097801F03F01C1
:106B5000C1EB014108440BE000400140001002403D
:106B60000000024000040240000C0240C801002066
:106B7000FE498860084690ED020AB8EE400ADFED53
:106B8000FC0A20EE200ADFEDFB0A80EE201A80EDE1
:106B9000031A90ED030AF2EE040AB4EEE00AF1EEF5
:106BA00010FA02D2B2EE040A10E0F04890ED030AA7
:106BB000DFEDF10AB4EEE00AF1EE10FA03DD9FED2D
:106BC000EE0A03E02BE0E94890ED030AE74880ED88
:106BD000030A90ED030ABDEEC00A10EE100A01B2DE
:106BE0000522E64801F03EF9E04880ED030A002066
:106BF000DE49087000214FF0804002F090FE0EE068
:106C00004FF0804003F016F8D849488008460078D5
:106C100040F0400008700221480702F080FED8488A
:106C2000007800F0800000286CD10121880703F073
:106C30005EF8E0B1D248007800F04000B8B1D0482A
:106C4000007800F0020002280CD10020CC49087026
:106C500000214FF0804002F07CFE4FF0FF30C84929
:106C6000886004E0C6480078401CC54908701021BF
:106C7000880603F03CF8002871D01021880603F044
:106C800047F8BF48007800F04000D0B34FF0804094
:106C900002F0D3FFBA498880084680884988401AA4
:106CA000B749097801F03F01C1EB01410844B449FB
:106CB0008860084690ED020AB8EE400ADFEDAC0AA3
:106CC00020EE200ADFEDAB0A80EE201A80ED031AD9
:106CD00090ED030AF2EE040AB4EEE00AF1EE10FAC7
:106CE00002D2B2EE040A11E0A54890ED030ADFEDEE
:106CF000A20AB4EEE00AF1EE10FA04DD9FED9E0A5E
:106D000004E01DE02BE09E4890ED030A9C4880EDD6
:106D1000030A90ED030ABDEEC00A10EE100A01B29C
:106D20000522984801F09EF8954880ED030A00205E
:106D30009349087000214FF0804002F00AFE0EE0F7
:106D40004FF0804002F079FF8D4948800846007876
:106D500040F0400008700221480702F0FAFD8A481E
:106D6000007800F0800000286CD10121880702F033
:106D7000BEFFE0B18448007800F04000B8B182481E
:106D8000007800F0020002280CD100207E49087033
:106D900000214FF0804002F096FD4FF0FF307A491D
:106DA000886004E078480078401C77490870022128
:106DB000480702F09CFF002871D00221480702F02A
:106DC000A7FF7148007800F04000D0B34FF080403A
:106DD00002F02AFF6C498880084680884988401A5A
:106DE0006949097801F03F01C1EB01410844664956
:106DF0008860084690ED020AB8EE400ADFED5C0AB2
:106E000020EE200ADFED5B0A80EE201A80ED031AE7
:106E100090ED030AF2EE040AB4EEE00AF1EE10FA85
:106E200002D2B2EE040A11E0574890ED030ADFEDFA
:106E3000520AB4EEE00AF1EE10FA04DD9FED4E0ABC
:106E400004E01DE02BE0504890ED030A4E4880ED31
:106E5000030A90ED030ABDEEC00A10EE100A01B25B
:106E600005224A4800F0FEFF474880ED030A002053
:106E70004549087000214FF0804002F024FD0EE0EB
:106E80004FF0804002F0D0FE3F494880084600782D
:106E900040F0400008700221480702F014FD3C4811
:106EA000007800F0800000285DD10121880702F001
:106EB0001EFFE0B13648007800F04000B8B1344819
:106EC000007800F0020002280CD100203049087040
:106ED00000214FF0804002F008FD4FF0FF302C49B8
:106EE000886004E02A480078401C29490870042181
:106EF000080702F0FCFEB0B30421080702F008FF07
:106F00002348007800F0400070B34FF0804002F05A
:106F10008EFE1F498880084680884988401A1C498F
:106F2000097801F03F01C1EB01410844184988602C
:106F3000084690ED020AB8EE400ADFED0D0A20EE99
:106F4000200ADFED0C0A80EE201A80ED031A90ED86
:106F5000030AF2EE040AB4EEE00AF1EE10FA19D2D6
:106F6000B2EE040A26E04EE03EE00000C801002038
:106F70000000AA430000FA4400601F45A41000204E
:106F8000E80100200C1100200802002074110020EC
:106F900028020020F34890ED030A5FED090AB4EEE1
:106FA000E00AF1EE10FA02DD1FED0D0A02E0ED48F5
:106FB00090ED030AEB4880ED030A90ED030ABDEE65
:106FC000C00A10EE100A01B20522E74800F04AFF9D
:106FD000E44880ED030A0020E249087000214FF0E8
:106FE000804002F082FC0EE04FF0804002F01FFE75
:106FF000DC4948800846007840F0400008700221D3
:10700000480702F072FC1F214FF0804002F080FE22
:1070100010BD10B5D548007800F0800000287DD163
:107020000121D34802F063FED8B1D048007800F0C7
:107030004000B0B1CD48007800F0020002280BD12A
:107040000020CA4908700021C94802F03CFC4FF0FA
:10705000FF30C649886004E0C4480078401CC3493A
:1070600008700221C24802F042FE00286FD00221BF
:10707000BF4802F04DFEBD48007800F040000028F7
:1070800057D0BB4802F0D0FDB849888008468088B8
:107090004988401AB549097801F03F01C1EB014127
:1070A0000844B2498860084690ED020AB8EE400AEA
:1070B0005FED510A20EE200A5FED520A80EE201AA1
:1070C00080ED031A90ED030AF3EE0E0AB4EEE00A27
:1070D000F1EE10FA02D2B3EE0E0A0FE0A34890EDE3
:1070E000030A5FED5B0AB4EEE00AF1EE10FA02DD8E
:1070F0001FED5F0A02E09D4890ED030A9B4880ED7A
:10710000030A90ED030ABDEEC00A10EE100A01B2A8
:107110000522984800F0A6FE944800E017E080EDB4
:10712000030A0020914908700021914802F0CBFB2E
:107130000DE08F4802F078FD8C49488008460078C1
:1071400040F0400008700221894802F0BCFB8A48E8
:10715000007800F0800000286AD10121844802F004
:10716000C6FDD8B18448007800F04000B0B1824834
:10717000007800F0020002280BD100207E49087040
:1071800000217B4802F0B1FB4FF0FF307A49886064
:1071900004E079480078401C77490870042174485D
:1071A00002F0A5FD00286ED00421714802F0B0FD68
:1071B0007148007800F04000C8B36D4802F037FD18
:1071C0006D498880084680884988401A6A4909784C
:1071D00001F03F01C1EB014108446749886008465E
:1071E00090ED020AB8EE400A5FED9F0A20EE200AF9
:1071F0005FEDA00A80EE201A80ED031A90ED030ADD
:10720000F3EE0E0AB4EEE00AF1EE10FA02D2B3EE9B
:107210000E0A11E0584890ED030A5FEDA90AB4EE9A
:10722000E00AF1EE10FA04DD1FEDAD0A04E01CE007
:1072300029E0514890ED030A4F4880ED030A90ED94
:10724000030ABDEEC00A10EE100A01B205224B4837
:1072500000F008FE484880ED030A00204649087007
:107260000021434802F041FB0DE0414802F0DFFC01
:10727000414948800846007840F0400008700221EB
:107280003B4802F032FB0721394802F041FD10BDB6
:10729000002105E0002200E0521C282AFCD3491CF2
:1072A0008142F7D3704700B50120354908603C2082
:1072B000FFF7EEFF00203349C1F8B002012030494A
:1072C000091D08603C20FFF7E3FF00202C49091D41
:1072D000086001202C4908603C20FFF7D9FF0020FE
:1072E0002949086001202949C1F884023C20FFF7A0
:1072F000CFFF00202649086001202449C1F88802F8
:107300003C20FFF7C5FF00202149091D086001202E
:107310001E49C1F88C023C20FFF7BAFF00201B4930
:10732000C1F88C0200BD90ED030A80ED040A90EDD7
:10733000030AD0ED050AB4EEE00AF1EE10FA03DD1F
:1073400090ED040A80ED030A90ED030AD0ED060AE1
:10735000B4EEE00AF1EE10FA03D290ED040A80EDEB
:10736000030A704728020020DC1100204802002098
:1073700000400140D40F0020680200203C10002093
:10738000B0024242000042428082404200804142BC
:107390008482414230B58BB005460C460121084637
:1073A00001F046FE0121084601F0E8FD0122082116
:1073B000F14801F0D0FB01220921EF4801F0CBFB9D
:1073C00001220A21EC4801F0C6FB01220B21EA4808
:1073D00001F0C1FB4FF47060099002208DF8280085
:1073E00000208DF82A0001208DF82B0003208DF855
:1073F000290009A9E04801F023FB681E0790601EE0
:1074000080B2ADF818000020ADF82000ADF81A00E9
:1074100006A9DA4801F0B3FF6020ADF804000120AE
:10742000ADF806000020ADF81000ADF81600ADF87C
:107430000800ADF81200039001A9D04802F034F81A
:1074400001A9CE4802F069F801A9CC4802F0B2F8CF
:1074500001A9CA4802F014F90821C84802F0B1F99C
:107460000821C64802F0B6F90821C44802F0BFF965
:107470000821C24802F0C4F90121C04801F0EAFF26
:107480000121BE4802F0F5FB0121BC4802F000F8E2
:107490004FF47A61B94802F060F94FF47A61B74865
:1074A00002F05DF94FF47A61B44802F05AF94FF4F2
:1074B0007A61B24802F057F90BB030BD1CB501211A
:1074C000102001F05BFD0121084601F057FD01216C
:1074D000022001F053FD0121082001F04FFD0121A0
:1074E000042001F04BFD01208DF8040000208DF8F0
:1074F000060003208DF805004FF4007000906946E7
:107500009F4801F09DFA4FF40040009069469A4868
:1075100001F096FA4FF4806000906946994801F0B6
:107520008FFA4FF4006000906946974801F088FA9E
:10753000102000906946934801F082FA20200090C4
:107540006946904801F07CFA4FF4805000906946FB
:107550008E4801F075FA0120009069468A4801F0D2
:107560006FFA02214FF4E150FFF714FF4FF400715E
:10757000834801F0E1FA4FF400417F4801F0DEFA60
:107580004FF480617F4801F0D7FA4FF400617E48E4
:1075900001F0D4FA10217B4801F0CEFA202179487D
:1075A00001F0CCFA4FF48051784801F0C5FA01217E
:1075B000754801F0C3FA1CBD01460020002900DB1C
:1075C0000846002900DA4842704700B5704890ED3F
:1075D000002A7048D0ED002A32EE222A6E48D0ED03
:1075E000002A32EE222AB0EE420A6C4890ED002AC0
:1075F0006B48D0ED002A32EE222A6A48D0ED002AEC
:1076000032EE222AF0EE420A674890ED002A6748DF
:10761000D0ED002A32EE222A6548D0ED002A32EE63
:10762000222AB0EE421A634890ED002A6248D0ED5B
:10763000002A32EE222A6148D0ED002A32EE222AB8
:10764000F0EE421AF5EEC00AF1EE10FA0CDBBCEED9
:10765000E02A12EE100A494948630120584908609F
:1076600000205849C1F8A402F5EEC00AF1EE10FA64
:107670000ED2BDEEE02A12EE100AFFF79DFF3F4941
:10768000486300204E49086001204E49C1F8A40219
:10769000B5EEC01AF1EE10FA0CDBBCEEC12A12EE08
:1076A000100A36498863012047490860002047498D
:1076B000C1F89402B5EEC01AF1EE10FA0ED2BDEE8A
:1076C000C12A12EE100AFFF777FF2C4988630020C9
:1076D0003D49086001203D49C1F89402B5EEC00A59
:1076E000F1EE10FA0CDBBCEEC02A12EE100A2349B0
:1076F000C86300203649086001203449C1F8A80257
:10770000B5EEC00AF1EE10FA0ED2BDEEC02A12EEAE
:10771000100AFFF751FF1949C86301202C4908607E
:1077200000202A49C1F8A802F5EEC01AF1EE10FABD
:107730000CDBBCEEE12A12EE100A104908640020AE
:107740002449086001202449C1F88002F5EEC01ADE
:10775000F1EE10FA0ED2BDEEE12A12EE100AFFF79A
:107760002BFF0649086401201A49086000201A49C5
:10777000C1F8800200BD000000000240000001408E
:107780000010024000040240000C024000080240C9
:107790004C0000208C0000209C00002050000020A5
:1077A00090000020A0000020540000209400002041
:1077B000A40000205800002098000020A80000200D
:1077C000BC0240420000424290824042008040425F
:1077D000AC824142B00241420080414230B589B0A2
:1077E00004460D460121022001F011FC012108464A
:1077F00001F0C4FB02220621E64801F0ACF90222A6
:107800000721E44801F0A7F9C020079002208DF875
:10781000200000208DF8220001208DF8230007A908
:10782000DC4801F00DF9681E80B2ADF81000601E52
:1078300005900020ADF81200ADF8180004A9D64854
:1078400001F09DFD00231A460321D34802F00BFBF3
:1078500001A802F0A2F90620ADF80C0001A9CE485B
:1078600002F064F90121CC4802F03EFA01221146EF
:10787000C94802F025FA0021C74801F0C9FD0121DD
:10788000C54801F005FE09B030BD30B589B00446E9
:107890000D460121082001F0BAFB0121084601F044
:1078A0006DFB02220021BB4801F055F902220121A3
:1078B000B84801F050F90320079002208DF820000D
:1078C00000208DF8220001208DF8230007A9B1487F
:1078D00001F0B6F8681E80B2ADF81000601E059089
:1078E0000020ADF81200ADF8180004A9AB4801F073
:1078F00046FD02231A460321A84802F0B4FA01A863
:1079000002F04BF90620ADF80C0001A9A34802F0E3
:107910000DF90121A14802F0E7F9012211469F4823
:1079200002F0CEF900219D4801F072FD01219B4833
:1079300001F0AEFD09B030BD98482430006800B2B7
:1079400000EE100AB8EEC00A954880ED000A924891
:107950002430006800B200EE100AB8EEC00A904869
:1079600080ED010A90ED000ADFED8E0A20EE200A7C
:10797000F2EE040A20EE200ADFED8B0A80EE201AD8
:1079800090ED040A31EE000A80ED040A90ED010A40
:10799000DFED840A20EE200AF2EE040A20EE200A2F
:1079A0009FED811AC0EE010A90ED050A30EE800AC3
:1079B00080ED050A00207949243108607649243198
:1079C0000860704730B5F0EE400A0B4600219FED8D
:1079D000771AB0EE410A45786C1C447000F10C0433
:1079E00004EB8504C4ED000A0478002C5ED090ED11
:1079F000031A6F4C84ED001A6E4C84ED001A0121BD
:107A00002EE000F10C0404EB810494ED001A694CA3
:107A1000D4ED001AB4EEE11AF1EE10FA08DD00F12F
:107A20000C0404EB810494ED001A624C84ED001AFE
:107A300000F10C0404EB810494ED001A5C4CD4EDCD
:107A4000001AB4EEE11AF1EE10FA08D200F10C04BB
:107A500004EB810494ED001A554C84ED001A491C86
:107A60009942CED300210AE000F10C0404EB81041A
:107A700094ED001A31EE001AB0EE410A491C994209
:107A8000F2D34C4C94ED001A494CD4ED001A31EE6F
:107A9000211A30EE411AB0EE410A9C1E01EE104A46
:107AA000B8EEC11AC0EE011AC0ED011A0478012C1B
:107AB00015D190ED011ADFED401AB4EEE11AF1EEA6
:107AC00010FA08D290ED011A82ED001A90ED011A19
:107AD00080ED021A03E090ED021A82ED001A44785C
:107AE0009C4203D1012404700024447030BD00B5D1
:107AF000B0EE402A9FED2D0AF0EE402A9FED2B0AB2
:107B0000B0EE403AFFF718FF254890ED000ADFED90
:107B1000260A80EE201A9FED230A61EE000A90EDFE
:107B2000040AB2EE041A00EE810A80ED040A90ED18
:107B3000010A9FED1D1AC0EE010A9FED1A0A60EEC0
:107B4000800A90ED050AB2EE041A00EE810A80ED7B
:107B5000050A90ED040AB1EE400AC0EE020AF0EE0A
:107B6000602A90ED050AB1EE400AC0EE020AB0EEBE
:107B7000603A00F108020521B0EE620A0F48FFF7F3
:107B800021FF074A0C320521B0EE430A0C48FFF7EB
:107B900019FF00BD0000024000040040000C00403E
:107BA00044120020C3F54840000046450000000094
:107BB000A4020020A002002000409C455C1200208E
:107BC000901200202DE9F04F2DED028B81B006467A
:107BD000894617469A46BB464FEA4B0002F056FECE
:107BE00005460020009000EE109AB8EEC00A16F884
:107BF000641F3078401C06F8640906EB810080EDB4
:107C0000000A96F86400B84202DB002086F864009F
:107C100000240CE006EB840090ED000ABDEEC00AE3
:107C200010EE100A00B225F81400601CC4B2BC4269
:107C3000F0DB4FF000081FE0002414E035F91410C9
:107C4000601C35F9100081420BDD35F914000090FD
:107C5000601C35F8100025F81400611C009825F808
:107C60001100601CC4B2A7EB0800401EA042E5DC76
:107C700008F1010000F0FF08781E4045DCDC35F912
:107C80001A0000EE100AB8EEC08A284602F0D6FDAF
:107C9000B0EE480A01B0BDEC028BBDE8F08F10B524
:107CA000F0EE400A9FEDFB0AB0EE401A002210F8F9
:107CB000644F03785B1C00F8643900EB8403C3ED68
:107CC000000A90F864308B4202DB002380F86430B5
:107CD000002209E000EB820393ED000A30EE010A76
:107CE000B0EE401A531CDAB28A42F3DB00EE101AEF
:107CF000F8EE401A81EE210A10BD10B5F0EE400AF0
:107D00009FEDE40AB0EE401A002290F89041631C07
:107D100080F8903100EB8403C3ED000A90F89031B5
:107D20008B4202DB002380F89031002209E000EB57
:107D3000820393ED000A30EE010AB0EE401A531CA4
:107D4000DAB28A42F3DB00EE101AF8EE401A81EE46
:107D5000210A10BD30B50B469FEDCE0AF0EE400A69
:107D6000002100EE103AB8EEC00A10F8645F047803
:107D7000641C00F8644900EB850484ED000A90F867
:107D80006440944202DB002480F8644090ED000AD5
:107D9000BDEEC00A10EE104A24B2BF4D2C80BF4D7C
:107DA0002C80012137E000EB810494ED001ABB4CDC
:107DB000B4F9004000EE104AB8EEC00AB4EEC01AA2
:107DC000F1EE10FA0ADD00EB810494ED000ABDEE3D
:107DD000C00A10EE104A24B2B04D2C8000EB810492
:107DE00094ED001AAC4CB4F9004000EE104AB8EE25
:107DF000C00AB4EEC01AF1EE10FA0AD200EB810408
:107E000094ED000ABDEEC00A10EE104A24B2A24D55
:107E10002C804C1CE1B29142C5DB002109E000EB53
:107E2000810494ED000A30EE200AF0EE400A4C1C6A
:107E3000E1B29142F3DB994CB4F90040964DB5F9AB
:107E400000502C4400EE104AB8EEC00A30EEC00AD2
:107E5000F0EE400A941E00EE104AB8EEC01A80EE12
:107E6000810A30BD30B50B469FED8A0AF0EE400A1C
:107E7000002100EE103AB8EEC00A10F8645F0478F2
:107E8000641C00F8644900EB850484ED000A90F856
:107E90006440944202DB002480F8644090ED000AC4
:107EA000BDEEC00A10EE104A24B27D4D2C807D4DEF
:107EB0002C8001211CE000EB810494ED001A794C28
:107EC000B4F9004000EE104AB8EEC00AB4EEC01A91
:107ED000F1EE10FA0ADD00EB810494ED000ABDEE2C
:107EE000C00A10EE104A24B26E4D2C804C1CE1B238
:107EF0009142E0DB01212CE000EB810494ED001ABB
:107F0000674CB4F9004000EE104AB8EEC00AB4EE77
:107F1000C01AF1EE10FA1ADD00EB810494ED001A9C
:107F2000604CB4F9004000EE104AB8EEC00AB4EE5E
:107F3000C01AF1EE10FA0AD200EB810494ED000AA7
:107F4000BDEEC00A10EE104A24B2554D2C804C1CD8
:107F5000E1B29142D0DB002109E000EB810494ED15
:107F6000000A30EE200AF0EE400A4C1CE1B29142C9
:107F7000F3DB4C4CB4F90040494DB5F900502C44AA
:107F800000EE104AB8EEC00A30EEC00AF0EE400A29
:107F9000941E00EE104AB8EEC01A80EE810A30BD81
:107FA00070B50C460021DFED3B0AB0EE600A467862
:107FB000751C4570851D25F816400578DDB100BF9C
:107FC0000BE0851D35F9115000EE905AF8EEE00AED
:107FD00070EE800AB0EE600A491C9142F1D300EEC7
:107FE000902AF8EE600A80EE201AFDEEC10A10EE2B
:107FF000905A2DB245800578012D0ED1B0F902506E
:1080000041F28836B54205DAB0F902501D60458864
:10801000858002E0B0F904501D604578954203D197
:10802000012505700025457070BD70B50C46002116
:10803000DFED180AB0EE600A4678751C4570851DA4
:1080400025F816400578002D5AD0C588ADB2164ED9
:108050003580164E3580012118E0851D35F9115007
:10806000124E3688B54204DD851D35F811500F4E8D
:108070003580851D35F911500B4E3688B54204DA2E
:10808000851D35F81150084E3580491C9142E4D3C6
:10809000002119E000000000AA020020A802002030
:1080A000AE020020AC020020B2020020B00200208C
:1080B000851D35F9115000EE905AF8EEE00A70EE89
:1080C000800AB0EE600A491C9142F1D3AF4D2D8871
:1080D000AF4E3688354400EE905AF8EEE00A70EE66
:1080E000600AB0EE600A951E00EE905AF8EEE00AC3
:1080F00080EE201AFDEEC10A10EE905A2DB2458096
:108100000578012D0CD1B0F9025041F28836B54204
:1081100004DA45881D804588858001E085881D80BA
:108120004578954203D1012505700025457070BD45
:10813000F0EE400A9FED970AF0EE401A9FED960A86
:10814000B0EE402A1FED2D0AB0EE401A934890ED94
:10815000000A30EE210A80ED000A90ED000A30EEB0
:10816000020AD0ED002A82EE803AB0EE431A8C4823
:1081700090ED000A70EEC02A90ED000A01EE220A8E
:1081800080ED000AB7EE000A30EE410A8348D0EDD8
:10819000002A20EE220A80ED000A814890ED000AB4
:1081A000704710B52DED048BB0EE409A0446012CBB
:1081B00026D17C4890ED030A7B48D0ED000A30EED2
:1081C000600A10EE101A084602F0DEF941EC180BB6
:1081D000B0EE480AF0EE680A02F0A0F8502808DD78
:1081E000714890ED000A6F4880ED030ABDEC048BE6
:1081F00010BD6C4890ED030A6B4880ED000AF5E76E
:10820000022C24D1694890ED030A6948D0ED000A98
:1082100030EE600A10EE101A084602F0B5F941EC93
:10822000180BB0EE480AF0EE680A02F077F8502812
:1082300006DD5F4890ED000A5C4880ED030AD5E753
:108240005A4890ED030A5A4880ED000ACEE7032C05
:1082500024D1584890ED030A5748D0ED000A30EE7B
:10826000600A10EE101A084602F08EF941EC180B65
:10827000B0EE480AF0EE680A02F050F8502806DD29
:108280004D4890ED000A4B4880ED030AAEE749489F
:1082900090ED030A484880ED000AA7E7042C24D19A
:1082A000464890ED030A4648D0ED000A30EE600AD9
:1082B00010EE101A084602F067F941EC180BB0EE08
:1082C000480AF0EE680A02F029F8502806DD3C481A
:1082D00090ED000A394880ED030A87E7374890EDB2
:1082E000030A374880ED000A80E7052C24D1354881
:1082F00090ED030A3448D0ED000A30EE600A10EE2B
:10830000101A084602F040F941EC180BB0EE480A8A
:10831000F0EE680A02F002F8502806DD2A4890EDD7
:10832000000A284880ED030A60E7264890ED030A1A
:10833000254880ED000A59E7062C24D1234890ED0A
:10834000030A2348D0ED000A30EE600A10EE101A3E
:10835000084602F019F941EC180BB0EE480AF0EEAD
:10836000680A01F0DBFF502806DD194890ED000A8D
:10837000164880ED030A39E7144890ED030A1448C3
:1083800080ED000A32E700BF30E70000B0020020B5
:10839000B2020020A69B443B0AD7233CB80200202F
:1083A000B402002048020020880200206802002059
:1083B0008C020020C801002090020020E80100206B
:1083C00094020020080200209802002028020020C9
:1083D0009C0200201CB501211C2000F0CFFD802054
:1083E000009001208DF8040000208DF80600032085
:1083F0008DF805006946214800F022FB80211F48C6
:1084000000F09CFB4FF48070009069461B4800F020
:1084100017FB4FF48071194800F090FB4FF40040B7
:10842000009000208DF8040002208DF80700032042
:108430008DF805006946114800F002FB4FF400700A
:10844000009000208DF804008DF8070003208DF8BF
:10845000050069460A4800F0F3FA4FF40060009006
:1084600000208DF804008DF8070003208DF805002A
:108470006946044800F0E4FA1CBD00000010024008
:10848000000C0240000802400648804706480047AA
:10849000FEE7FEE7FEE7FEE7FEE7FEE7FEE7FEE7B4
:1084A000FEE7FEE7791C0008890100083249014314
:1084B000324A1160704770B5002100230F22C47842
:1084C0001CB32E4C246804F4E064C4F5E064C4F3E7
:1084D0000721C1F10404E3B20A4144789C40E1B2AF
:1084E0008478144021430C07210E254C05786155F2
:1084F000047804F01F050124AC4005786D11AD002F
:1085000005F1E025C5F8004109E0047804F01F05F5
:108510000124AC401B4D0678761145F8264070BD0D
:10852000194A0A400243154B1B1F1A60704739B1A4
:10853000124A121D12680243104B1B1D1A6006E0FE
:108540000E4A121D126882430C4B1B1D1A607047A5
:10855000042808D14FF0E021096941F004014FF0EF
:10856000E022116107E04FF0E021096921F00401E8
:108570004FF0E022116170470000FA050CED00E0B9
:1085800000E400E080E100E080FFFF1F016821F0CF
:10859000010101600021016041608160C1600161F1
:1085A00021214161DB49884204D13D21D94A103A59
:1085B00091608CE0D7491831884205D14FF474613D
:1085C000D44A103A916082E0D2493031884205D1D4
:1085D0004FF47411CF4A103A916078E0CD49483198
:1085E000884205D14FF07461CA4A103A91606EE03A
:1085F000C8496031884204D1C749C64A103AD1609F
:1086000065E0C4497831884204D1C449C14A103A6E
:10861000D1605CE0BF499031884204D1C049BD4A75
:10862000103AD16053E0BB49A831884205D14FF0E0
:108630003D51B84A103AD16049E0BA49884204D164
:108640003D21B84A083A116041E0B64918318842E4
:1086500005D14FF47461B34A083A116037E0B1496B
:108660003031884205D14FF47411AE4A083A116096
:108670002DE0AC494831884205D14FF07461A94AD8
:10868000083A116023E0A7496031884204D1A24929
:10869000A44A121F11601AE0A2497831884204D11D
:1086A0009E49A04A121F116011E09E4990318842F4
:1086B00004D19B499B4A121F116008E09949A831D7
:1086C000884204D14FF03D51964A121F1160704705
:1086D00010B500220268944B1A40CC680B68234303
:1086E0004C6923438C692343CC6923430C6A23439D
:1086F0004C6A23438C6A23434C6B23438C6B234388
:108700001A430260426922F00702D1E90B34234385
:108710001A4342610B6943604B6883608B68C36096
:1087200010BD0021016041608160C1600161416153
:108730008161C161016241628162C1620163416321
:108740008163704721B1026842F00102026003E0D8
:10875000026822F001020260704721B1026842F40F
:108760000042026003E0026822F4004202607047A7
:1087700021B1026842F02002026003E0026822F0A8
:10878000200202607047416070470146486880B22D
:10879000704722B1036843F40023036003E00368D9
:1087A00023F4002303600161704721B1026842F4A1
:1087B0008022026003E0026822F480220260704797
:1087C0000AB1016100E0C1607047014600200A68FB
:1087D00002F400220AB1012000E0002070470146A7
:1087E00000200A6802F001020AB1012000E0002026
:1087F0007047014600204A6902F03800704730B5E2
:1088000003460A4600200024464DAB4202D24149AD
:10881000103901E04349103902F000550DB14C68A0
:1088200000E00C68414D2C4004EA02050DB1012026
:1088300000E0002030BD02463A4B9A4202D2354851
:10884000103801E03748103801F000531BB1374BA6
:108850000B40C36002E0354B0B408360704710B59E
:1088600001F080034BB122B1436943F080034361BF
:1088700003E0436923F08003436180290BD02AB1D0
:10888000036801F01E042343036004E0036801F061
:108890001E04A343036010BD70B5024600200024EF
:1088A0000025204EB24202D21A4B103B01E01D4B74
:1088B000103B1F4E0E4036B11E2606EAD124166824
:1088C00006EA040502E0566906F0800501F000564C
:1088D0000EB15C6800E01C68144E344004EA0106E6
:1088E00016B10DB1012000E0002070BD02460D4B15
:1088F0009A4202D20748103801E00A48103801F0C5
:1089000000531BB1094B0B40C36002E0074B0B4007
:1089100083607047106002403D000020400F00203F
:1089200000003D20106402403F801CF07D0F7D0F51
:108930003C0F3C0F10B504469848844208D10121F1
:10894000084600F086FB0021012000F082FB76E063
:108950009348844208D10121022000F07AFB0021D3
:10896000022000F076FB6AE08E48844208D10121A3
:10897000042000F06EFB0021042000F06AFB5EE0A2
:108980008948844208D10121082000F062FB0021BF
:10899000082000F05EFB52E08448844208D10121A7
:1089A000102000F056FB0021102000F052FB46E0A2
:1089B0007F48844208D10121202000F04AFB002199
:1089C000202000F046FB3AE07A48844208D1012199
:1089D000402000F03EFB0021402000F03AFB2EE05A
:1089E0007548844208D10121802000F032FB00212B
:1089F000802000F02EFB22E07048844208D1012143
:108A0000801500F026FB0021A01500F022FB16E0E7
:108A10006B48844208D10121401500F01AFB002167
:108A2000601500F016FB0AE06648844207D1012178
:108A3000001500F00EFB0021201500F00AFB10BD10
:108A4000F0B50A4600210023002400BF3DE00125C7
:108A500005FA01F3156805EA03049C4234D1056860
:108A60004F000326BE40B543056015794E00B54062
:108A70000668354305601579012D02D01579022D60
:108A800016D185684F000326BE40B54385605579F1
:108A90004E00B540866835438560456801268E40A6
:108AA000B5434560456896798E40B6B2354345601A
:108AB000C5684F000326BE40B543C560D5794E005A
:108AC000B540C6683543C560491C1029BFD3F0BD09
:108AD0004FF6FF7101600021017141718171C17117
:108AE000704708B54FF480320092009A0A43009212
:108AF000009AC261C161009AC261C2690092C269F2
:108B0000009208BD0246002013690B400BB1012002
:108B100000E0002070470146086980B270470246B5
:108B2000002053690B400BB1012000E0002070478A
:108B30000146486980B2704701837047418370479E
:108B40000AB1018300E04183704741617047426987
:108B50004A4042617047F0B5002300244D07ED0EF6
:108B600002FA05F3CE1000F1200555F826504E0705
:108B7000F70E0F26BE40B543CF1000F1200646F891
:108B80002750CE1000F1200555F8265045EA030481
:108B9000CE1000F1200545F82640F0BD000002404F
:108BA0000004024000080240000C02400010024095
:108BB0000014024000180240001C02400020024045
:108BC0000024024000280240F948006840F00100FB
:108BD000F74908600020F64908310860F448006849
:108BE000F4490840F2490860F348091D0860F34859
:108BF000EF4984310860F0481038091D0860EC48DE
:108C0000006820F48020EA4908600020E8490C311F
:108C10000860E7498C31086070470021E44A921CE3
:108C2000117011460870704710B5014600220023EC
:108C300000204A11012A02D1DD4C236808E0022AF3
:108C400003D1DB4C7034236802E0D94C74342368C0
:108C500001F01F02012494401C400CB1012000E0EF
:108C6000002010BD38B5002000900024002500BF72
:108C70003120FFF7D9FF05460098401C009000986E
:108C8000B0F5A04F01D0002DF2D03120FFF7CCFF7E
:108C900008B1012400E00024204638BD0146002030
:108CA000C34A106820F0F80040EAC1001060704725
:108CB000C349086070470021BD4A703211701170BD
:108CC000012802D004280AD104E00121B84A7032F8
:108CD000117005E00521B64A7032117000E000BF46
:108CE00000BF7047B7490860704770B5049C41EAFF
:108CF00082150126C6EB530645EA0645054345EABB
:108D00000465AB4E361D356070BDAD4908667047D1
:108D1000820142EA0172A64B84331A607047A84967
:108D20008866704710B5830143EA016343EA027322
:108D30009F4C8834236010BDA14908677047A04943
:108D4000C864704702460020994B0833186820F029
:108D5000EC6042EA01031843954B083318607047F2
:108D600002460020924B0833186820F0784042EA0F
:108D7000010318438E4B08331860704701460020EA
:108D80008B4A0832106820F00300084310607047D7
:108D900087480830006800F00C007047014600204A
:108DA000834A0832106820F0F000084310607047D2
:108DB000014600207E4A0832106820F4E050084343
:108DC0001060704701460020794A0832106820F48C
:108DD000604040EAC10010607047F0B500210022F9
:108DE0000024022500260223714F08373F6807F050
:108DF0000C0121B1042905D0082937D105E0724FB3
:108E0000076036E0714F076033E0694F3F1D3F68F0
:108E1000C7F38056664F3F1D3F6807F03F036EB1B2
:108E20006A4FB7FBF3F7DFF888C10CF1040CDCF8EC
:108E300000C0CCF3881C07FB0CF40CE0624FB7FBBE
:108E4000F3F7DFF86CC10CF1040CDCF800C0CCF3D4
:108E5000881C07FB0CF4564F3F1D3F68C7F30147C2
:108E60007F1C7D00B4FBF5F7076002E0564F0760FA
:108E700000BF00BF4E4F08373F6807F0F0010909F7
:108E8000534F7A5C0768D7404760494F08373F68BF
:108E900007F4E051890A4E4F7A5C4768D7408760F3
:108EA000434F08373F6807F46041490B484F7A5CED
:108EB0004768D740C760F0BD002100F44072B2F5AA
:108EC000407F0AD13A4A0832116821F4F811414A28
:108ED00002401143364A08321160354A7032126836
:108EE000C0F30B031A43324B70331A607047354995
:108EF0004439086070473349403908607047364943
:108F00000860704701460020294A8C32106820F022
:108F10001F004A1E1043264A8C32106070470146DB
:108F20000020234A8C32106820F4F8504A1E40EA90
:108F300002201F4A8C3210607047014600201C4AF4
:108F40008C32106820F440100843106070470146CE
:108F50000020174A8C32106820F44000084310604B
:108F6000704701460020124A8C32106820F44030CD
:108F700008431060704719490860704739B10C4ABE
:108F80003032126802430A4B30331A6006E0084A56
:108F9000303212688243064B30331A607047F9B1A1
:108FA000034A343212680243014B34331A601CE026
:108FB00000380240FFFFF6EA1030002400300020A5
:108FC00000004742800E47420024F40000127A005D
:108FD000BC020020FFFCFF0F5C014742E01147424A
:108FE0008F4A126882438E4B1A60704739B18C4A9F
:108FF000121D126802438A4B1B1D1A6006E0884A44
:10900000121D12688243864B1B1D1A60704739B1CE
:10901000834A0C3212680243814B0C331A6006E01B
:109020007F4A0C32126882437D4B0C331A607047C2
:1090300039B17B4A103212680243794B10331A60FF
:1090400006E0774A103212688243754B10331A607B
:10905000704739B1724A243A12680243704B243B7C
:109060001A6006E06E4A243A126882436C4B243B35
:109070001A60704739B16A4A203A12680243684B55
:10908000203B1A6006E0664A203A12688243644B2D
:10909000203B1A60704739B1614A1C3A126802439A
:1090A0005F4B1C3B1A6006E05D4A1C3A1268824323
:1090B0005B4B1C3B1A60704739B1594A143A12682D
:1090C0000243574B143B1A6006E0554A143A1268A3
:1090D0008243534B143B1A60704739B1504A103ADF
:1090E000126802434E4B103B1A6006E04C4A103A9D
:1090F000126882434A4B103B1A60704739B1484AA4
:109100001C3212680243464B1C331A6006E0444A84
:109110001C3212688243424B1C331A60704739B1CB
:109120003F4A2032126802433D4B20331A6006E06A
:109130003B4A203212688243394B20331A60704711
:1091400039B1374A243212680243354B24331A604E
:1091500006E0334A243212688243314B24331A60CA
:10916000704739B12E4A2C32126802432C4B2C33F3
:109170001A6006E02A4A2C3212688243284B2C33AC
:109180001A60704739B1264A303212680243244BC4
:1091900030331A6006E0224A303212688243204B94
:1091A00030331A607047012808D11D493C310968E5
:1091B00041F008011A4A3C32116007E018493C317D
:1091C000096821F00801164A3C321160704739B134
:1091D000134A273A12780243114B273B1A7006E0D4
:1091E0000F4A273A127882430D4B273B1A7070477B
:1091F0000B484030006840F08070094940310860F9
:10920000704701460020064A283A12680A400AB10F
:10921000012000E00020704701492639087070479E
:109220003438024010B50446FE48844208D101217A
:109230000846FFF752FF00210120FFF74EFF9DE097
:10924000B4F1804F08D101210846FFF735FF002116
:109250000120FFF731FF91E0F348844208D101215A
:109260000220FFF729FF00210220FFF725FF85E0FC
:10927000EE48844208D101210420FFF71DFF0021A0
:109280000420FFF719FF79E0E948844208D1012161
:109290000820FFF711FF00210820FFF70DFF6DE008
:1092A000E448844208D101211020FFF705FF002186
:1092B0001020FFF701FF61E0DF48844208D101215F
:1092C0002020FFF7F9FE00212020FFF7F5FE55E0F2
:1092D000DA48844208D101210220FFF7FEFE002176
:1092E0000220FFF7FAFE49E0D548844209D1012166
:1092F0000804FFF7F2FE00214FF48030FFF7EDFE87
:109300003CE0D048844209D101214804FFF7E5FE42
:1093100000214FF40030FFF7E0FE2FE0CA488442FE
:1093200009D101218804FFF7D8FE00214FF48020E5
:10933000FFF7D3FE22E0C548844208D10121402036
:10934000FFF7BAFE00214020FFF7B6FE16E0C04846
:10935000844208D101218020FFF7AEFE0021802049
:10936000FFF7AAFE0AE0BB48844207D1012180151D
:10937000FFF7A2FE0021A015FFF79EFE10BD002200
:109380000288A84B98420ED0AC4B98420BD0B0F15B
:10939000804F08D0A44B984205D0A44B984202D0ED
:1093A000A34B984204D14FF68F731A404B881A434F
:1093B000A04B984207D0A04B984204D04FF6FF43F1
:1093C0001A400B891A4302804B68C3620B880385DD
:1093D000944B984202D0994B984201D18B7A0386E4
:1093E0000123838270474FF0FF31416000210180EB
:1093F00001814180817270470185828270470A46EF
:10940000002101884FF68F73194011430180704786
:1094100041627047C16270470146486A7047014621
:10942000088D704721B1028842F00202028004E0F8
:1094300002884FF6FD731A400280704721B10288FE
:1094400042F00402028004E002884FF6FB731A40E7
:109450000280704721B1028842F08002028004E05D
:1094600002884FF67F731A400280704702884FF6D9
:10947000F7731A40028002880A430280704702880C
:109480004FF6FF431A40028002880A430280704769
:1094900021B1028842F00102028004E002884FF606
:1094A000FE731A400280704770B50024002200232A
:1094B000058C4FF6FE7635400584028C8388048B3C
:1094C0004FF68F752C40B51E2C400D882C43751E11
:1094D0002A408D892A434D882A43524DA84202D002
:1094E000564DA84213D14FF6F7752A40CD892A432D
:1094F0004FF6FB752A408D882A434FF6FF652B40B7
:109500004FF6FF552B400D8A2B434D8A2B4383800A
:1095100004838D684563028470BD70B50024002209
:109520000023058C4FF6EF7635400584028C838846
:10953000048B48F6FF752C404FF6FF452C400D88F4
:109540004FF6FF7606EA05252C434FF6DF752A40D5
:109550008D8906EA05152A434D8806EA05152A4332
:10956000304DA84202D0354DA8421DD14FF67F752F
:109570002A40CD894FF6FF7606EA05152A434FF6B5
:10958000BF752A408D8806EA05152A434FF6FF3538
:109590002B404FF2FF752B400D8A06EA85052B43C1
:1095A0004D8A06EA85052B43838004838D68856395
:1095B000028470BD70B5002400220023058C4FF694
:1095C000FF6635400584028C8388848B4FF68F7547
:1095D0002C404FF6FC752C400D882C434FF6FF5560
:1095E0002A408D894FF6FF7606EA05252A434D88E5
:1095F00006EA05252A430B4DA84202D00F4DA8428A
:1096000038D14FF2FF752A40CD894FF6FF7606EA32
:1096100005252A434FF6FF352A408D8806EA0525A1
:109620002A4319E000000140000400400008004007
:10963000000C0040001000400014004000040140F5
:109640000040014000440140004801400018004033
:10965000001C0040002000404EF6FF752B404DF6E8
:10966000FF752B400D8A06EA05152B434D8A06EA45
:1096700005152B43838084838D68C563028470BD88
:1096800070B5002200230024058C4EF6FF7635408D
:109690000584038C8488828B48F6FF752A404FF638
:1096A000FF452A400D884FF6FF7606EA05252A4336
:1096B0004DF6FF752B408D8906EA05352B434D8805
:1096C00006EA05352B43FE4DA84202D0FD4DA842C7
:1096D00008D14BF6FF752C400D8A4FF6FF7606EA4F
:1096E00085152C43848082838D680564038470BD56
:1096F000002101804180818081608181C18101825E
:109700004182704770B50346002000241846183087
:1097100001258D40ACB21D8CA5431D8409B10829DB
:109720000AD100EB610005684FF68F763540056081
:109730000568154305600FE00D1FC5F34E0528446D
:10974000056848F6FF763540056005684FF6FF76F8
:1097500006EA02263543056070BD416370478163A8
:109760007047C1637047016470470A460021018B4E
:109770004FF68F7319401143018370470A46002149
:10978000018B48F6FF7319404FF6FF7303EA02237B
:109790001943018370470A460021818B4FF68F736E
:1097A00019401143818370470A460021818B48F696
:1097B000FF7319404FF6FF7303EA022319438183B5
:1097C00070470A460021018B4FF6F7731940114389
:1097D000018370470A460021018B4FF2FF73194045
:1097E0004FF6FF7303EA02231943018370470A46C9
:1097F0000021818B4FF6F773194011438183704725
:109800000A460021818B4FF2FF7319404FF6FF7318
:1098100003EA02231943818370470A460021018B22
:109820004FF6FB7319401143018370470A4600212C
:10983000018B4FF6FF3319404FF6FF7303EA022303
:109840001943018370470A460021818B4FF6FB7351
:1098500019401143818370470A460021818B4FF6DE
:10986000FF3319404FF6FF7303EA02231943818344
:1098700070470A460021018B4FF67F731940114350
:10988000018370470A460021018BC1F30E014FF698
:10989000FF7303EA02231943018370470A4600213C
:1098A000818B4FF67F7319401143818370470A46BD
:1098B0000021818BC1F30E014FF6FF7303EA0223EF
:1098C0001943818370470A460021018C4FF6FD73CE
:1098D00019401143018470470A460021018C4FF65C
:1098E000F77319401143018470470A460021018C27
:1098F0004FF6DF7319404FF6FF7303EA0213194363
:10990000018470470A460021018C4FF67F7319408D
:109910004FF6FF7303EA02131943018470470A46A6
:109920000021018C4FF6FF5319404FF6FF7303EAF5
:1099300002231943018470470A460021018C4FF22B
:10994000FF7319404FF6FF7303EA022319430184A2
:1099500070470A460021018C4DF6FF7319404FF6FF
:10996000FF7303EA023319430184704730B50023C3
:1099700001248C40A3B2048C9C430484048C02FA1E
:1099800001F5ADB22C43048430BD30B5002304246E
:109990008C40A3B2048C9C430484048C02FA01F52D
:1099A000ADB22C43048430BD828B4FF2FF331A409A
:1099B0008283828B4FF6FF7303EA01231A4382836B
:1099C0007047F0B50C461546002100220026078C92
:1099D0004EF6FF7C07EA0C070784818B028C4FF65A
:1099E000FF7707EA043640F6FF4739404FF6FF7726
:1099F00007EA052739434FF6FF7707EA033739436C
:109A000045F6FF773A4046F480573A438183028413
:109A1000F0BD828B4FF6F3731A408283828B0A4328
:109A200082837047F0B50C461546002100220026BF
:109A3000078C4FF6FF6C07EA0C070784818B028CBA
:109A40004FF6FF7707EA04264FF60C7739404FF6BA
:109A5000FF7707EA03172F4339434FF2FF573A4086
:109A600046F480773A4381830284F0BD028B4FF243
:109A7000FF331A400283028B4FF6FF7303EA012380
:109A80001A4302837047F0B50C46154600210022A8
:109A90000026078C4FF6EF7C07EA0C070784018B42
:109AA000028C4FF6FF7707EA041640F6FF4739406D
:109AB0004FF6FF7707EA033739434FF6FF7703E0A6
:109AC000000001400004014007EA052739434FF632
:109AD0005F773A4046F010073A4301830284F0BDB5
:109AE000028B4FF6F3731A400283028B0A43028300
:109AF0007047F0B50C46154600210022068C4FF643
:109B0000FE773E400684018B028C4FF60C76314086
:109B10007E1C06EA03162E4331434FF6F57632409B
:109B200044F00106324301830284F0BD70B505465E
:109B30000C46208850B92389A28861882846FFF7FF
:109B4000D8FFE1882846FFF7CBFF25E020880428CE
:109B50000AD12389A28861882846FFF794FFE1880B
:109B60002846FFF783FF17E0208808280AD12389B9
:109B7000A28861882846FFF755FFE1882846FFF74D
:109B800048FF09E02389A28861882846FFF719FF6A
:109B9000E1882846FFF708FF70BD00210180418061
:109BA000012181800021C180018170472DE9F041B0
:109BB00005460C4600260127608808B9022600E009
:109BC0000026A088012801D1022700E00127208873
:109BD000A0B92389A28861882846FFF78AFFE18817
:109BE0002846FFF77DFF23893A4631462846FFF78E
:109BF0004AFFE1882846FFF739FF13E02389A2884E
:109C000061882846FFF73FFFE1882846FFF72EFFCF
:109C100023893A4631462846FFF76BFFE1882846FC
:109C2000FFF75EFFBDE8F0810146486B70470146D3
:109C3000886B70470146C86B70470146086C7047D7
:109C40000A884B881A438B881A43CB881A430B899E
:109C50001A434B891A438B891A43A0F84420704752
:109C60000021018041808180C18001814181818109
:109C7000704731B1B0F8442042F40042A0F84420CB
:109C800005E0B0F84420C2F30E02A0F8442070476B
:109C900021B1828842F00402828004E082884FF67B
:109CA000FB731A408280704721B1828842F0010222
:109CB000828004E082884FF6FE731A4082807047EB
:109CC0001AB183890B43838102E083898B438381AB
:109CD00070478182704702460020138A0B400BB107
:109CE000012000E000207047CA430282704730B56F
:109CF0000246002000230024158A05EA0103958905
:109D000005EA010413B10CB1012000E0002030BDD0
:109D1000CA430282704741EA0203A0F84830704704
:109D20001AB183890B43838102E083898B4383814A
:109D3000704721B1828842F00802828004E0828864
:109D40004FF6F7731A408280704701894FF6F87218
:109D50001140018170470A46002101894FF68F7337
:109D6000194011430181704730B504460D4629461C
:109D70002046FFF7F0FF208940F00700208130BD2A
:109D80002DE9F04104460D4616461F46602D06D1CA
:109D90003B46012231462046FFF775FE05E03B4673
:109DA000012231462046FFF7A4FE29462046FFF750
:109DB000D2FF208940F007002081BDE8F08130B556
:109DC0000C4600210189C9B24FF6FF7505EA03254B
:109DD000154325432943018130BD2DE9F041054656
:109DE0000E4617469846002443463A4631462846D2
:109DF000FFF7E5FF2C894FF6F870044044F00704A4
:109E00004FF68F70044044F070042C81BDE8F0815F
:109E1000F0B504460D4616461F463B4632462946D7
:109E20002046FFF7CCFF208940F480402081F0BD20
:109E300082884FF68F731A40828082880A4382801C
:109E4000704702894FF6F8731A40028102890A436B
:109E50000281704702894FF67F731A40028102899E
:109E60000A4302817047F0B50C4615461E46002194
:109E7000002200230189028B038C4FF6F8773940CA
:109E800021434FF6FC473A4040F201173A434FF660
:109E9000DD773B404FF6FF7707EA06172F433B433A
:109EA000018102830384F0BD21B1828842F08002E7
:109EB000828004E082884FF67F731A408280704768
:109EC000A0F850107047000010B50446FA488442CC
:109ED00008D101211020FFF700F900211020FFF721
:109EE000FCF857E0F548844209D101214804FFF706
:109EF000E3F800214FF40030FFF7DEF84AE0F048C5
:109F0000844209D101218804FFF7D6F800214FF4DB
:109F10008020FFF7D1F83DE0EA48844209D10121D1
:109F2000C804FFF7C9F800214FF40020FFF7C4F878
:109F300030E0E548844209D101210805FFF7BCF86B
:109F400000214FF48010FFF7B7F823E0DF48844288
:109F500008D101212020FFF7C0F800212020FFF7C1
:109F6000BCF817E0DA48844209D101218807FFF7DD
:109F7000A3F800214FF08040FFF79EF80AE0D54893
:109F8000844207D101214005FFF796F800216005C2
:109F9000FFF792F810BD2DE9FF4705460E46002455
:109FA000A14600BFA046B08900B100BF2C8A24F4AE
:109FB0004054F08804432C82AC8941F20C60844305
:109FC000B08831890843718908430443AC81AC8A65
:109FD00024F44074B0890443AC826846FEF7FDFE69
:109FE000B548854202D0B948854202D1DDF80C90CF
:109FF00001E0DDF80890A88900F4004040B109EBC9
:10A00000C90000EB091031684900B0FBF1F707E027
:10A0100009EBC90000EB091031688900B0FBF1F7CA
:10A020006420B7FBF0F004012009642101FB1078E3
:10A03000A88900F4004040B1322000EBC800B0FB1A
:10A04000F1F000F00700044308E0322000EB0810B4
:10A050006421B0FBF1F000F00F0004432C81BDE857
:10A06000FF874FF41651016000218180C18001817A
:10A070000C21418100218181704710B502460020EA
:10A08000108A20F470600B884C8823438C8823430B
:10A09000CC8823431843108210BD002101804180E9
:10A0A0008180C180704721B1828942F4005282814F
:10A0B00004E082894DF6FF731A4082817047028B5B
:10A0C00002F47F420283028B0A430283704721B16C
:10A0D000828942F40042828103E08289C2F30E0247
:10A0E0008281704721B1828A42F40062828204E058
:10A0F000828A4FF2FF731A4082827047C1F30802CE
:10A100008280704701468888C0F308007047028A41
:10A110004FF6F0731A400282028A0A4302827047A5
:10A1200021B1828942F00202828104E082894FF6E5
:10A13000FD731A408281704782894FF2FF731A4083
:10A14000828182890A4382817047028A4FF6DF73D7
:10A150001A400282028A0A430282704721B1028AAF
:10A1600042F48042028204E0028A4BF6FF731A40F6
:10A1700002827047818941F001018181704721B1DC
:10A18000828A42F00802828204E0828A4FF6F773E4
:10A190001A4082827047028BD2B20283028B42EA5B
:10A1A00001220283704721B1828A42F0200282821A
:10A1B00004E0828A4FF6DF731A408282704721B131
:10A1C000828A42F01002828204E0828A4FF6EF73A4
:10A1D0001A4082827047828A4FF6FB731A4082824D
:10A1E000828A0A438282704721B1828A42F0020247
:10A1F000828204E0828A4FF6FD731A4082827047A1
:10A200001AB1838A0B43838202E0838A8B43838261
:10A210007047F0B50346002400260025002040F6D4
:10A220006A17B94200D100BF1846C1F3421401F0C9
:10A230001F06012707FA06F5012C01D10C3004E0B6
:10A24000022C01D1103000E014301AB107682F43FE
:10A25000076002E00768AF430760F0BD02460020D8
:10A26000B1F5007F00D100BF13880B400BB1012076
:10A2700000E00020704701F40072B2F5007F00D1C9
:10A2800000BFCA430280704770B502460024002315
:10A290000025002040F66A16B14200D100BFC1F38C
:10A2A000421501F01F03012606FA03F3012D13D115
:10A2B0009689334017E00000001001400044004040
:10A2C00000480040004C0040005000400014014095
:10A2D00000780040007C0040022D02D1168A3340F5
:10A2E00001E0968A33400C12012606FA04F416881F
:10A2F000344013B10CB1012000E0002070BD10B556
:10A300000022002340F66A14A14200D100BF0A12C5
:10A3100001249440A3B2DC43048010BD002800DA7D
:10A32000404270472DE9FE4F804681EA0300C00F8E
:10A330000C46009021F0004123F00045B8EB0200EC
:10A34000A94105D24046214690461C460B4602468E
:10A3500023F00040104347D0270DC7F30A00C3F392
:10A360000A510290401A019040286BDAC3F313009F
:10A3700040F4801B0098924620B10023D2EB030AE0
:10A3800063EB0B0B01985946C0F14002504600F0B8
:10A3900043F906460D4650465946019A00F05BF9CE
:10A3A00010EB08006141002487EA115284EAE77348
:10A3B0001A4340D0009A62B3019A012A4FEA075229
:10A3C00015DC001B61EB02014FF0004202EA07526C
:10A3D000CDE90042001C41F5801132462B4600F0C9
:10A3E00092F903B0BDE8F08F40462146F9E7001B23
:10A3F00061EB0201001C41F5801300185B4120183D
:10A40000A2F5001747EB030140EAD570B6196D417C
:10A4100011E06D084FEA360645EAC0754FEA07526B
:10A42000001B61EB0201001C41F5801149084FEA55
:10A4300030000019514132462B4603B0BDE8F04FC1
:10A4400000F052B90098012240000023D0EB020234
:10A4500063EBE073009821464FEAE074B8EB00002C
:10A4600061EB0401E9E783F000435BE781F0004121
:10A4700058E72DE9FE4F81EA030404F0004421F07F
:10A48000004100944FF0000B23F0004350EA010418
:10A490005ED052EA03045BD0C3F30A54C1F30A55F9
:10A4A0002C44A4F2F3340194A0FB0254C1F3130131
:10A4B00041F48011C3F3130343F4801301FB0244FE
:10A4C00000FB034E840A970A44EA815447EA835703
:10A4D000A4FB076802958D0A05FB07854FEA932CBC
:10A4E00004FB0C542705029D4FEA065847EA16372D
:10A4F000B5EB08056EEB070C870E920E47EA811745
:10A5000042EA8312A7FB0201B6EB0B0164EB0004E5
:10A510002B0D43EA0C335E1844EB1C50DA465146CF
:10A52000E7FB0201C5F313044FEA0B3343EA14536C
:10A530004FEA0432019C43EA0603A4F10C0402949E
:10A54000009CCDE900B400F0DEF803B0BDE8F08F68
:10A5500000200146F9E7C1F30A5210B5C1F3130117
:10A5600040F2FF3341F480119A4201DA002010BD1D
:10A5700040F233439A42A2F2334203DC524200F0EB
:10A580005AF810BD904010BD00F0004230F000407D
:10A590000AD0C10D01F56071C0F3160042EA015105
:10A5A000C208400711437047002001467047000071
:10A5B00030B5041E71F1000404DB4FF0004440424A
:10A5C00064EB0101141E73F1000405DB1C464FF01F
:10A5D0000043524263EB04038B4208BF824230BD0A
:10A5E00001F0004330B421F0004150EA010206D0EE
:10A5F0000A0DA2F56072C1F31301002A02DC30BC1F
:10A6000000207047440F44EAC104C100E01830BC88
:10A6100000EBC25000F031B8202A04DB203A00FAE7
:10A6200002F1002070479140C2F1200320FA03F3A9
:10A63000194390407047202A04DB203A21FA02F0A7
:10A640000021704721FA02F3D040C2F1200291406C
:10A65000084319467047202A06DBCB17203A41FAF7
:10A6600002F043EAE07306E041FA02F3D040C2F19F
:10A67000200291400843194670470029A8BF70473F
:10A68000401C490008BF20F00100704710B4B0FA28
:10A6900080FC00FA0CF050EA010404BF10BC7047C3
:10A6A00049B1CCF1200421FA04F411FA0CF118BFDD
:10A6B000012121430843A3EB0C01CB1D4FEA0061AC
:10A6C0004FEA102042BF002010BC704700EBC3507F
:10A6D00010440029A4BF10BC7047401C490008BFAB
:10A6E00020F0010010BC704710B5141E73F1000477
:10A6F00008DA401C41F1000192185B411A4301D174
:10A7000020F0010010BD2DE9F04D92469B4611B19D
:10A71000B1FA81F202E0B0FA80F220329046FFF7FF
:10A720007BFF04460F4640EA0A0041EA0B0153460C
:10A730005A46084313D0114653EA010019D0C8F114
:10A7400040025046FFF777FF05460E4650465946F1
:10A750004246FFF761FF084305D0012004E0204690
:10A760003946BDE8F08D0020054346EAE0762C43EB
:10A7700037430A986305E40AA0EB08000022FD0AAB
:10A7800044EA47540A3002D500200146E9E70105B2
:10A7900010196941DDE9084500196941BDE8F04D2E
:10A7A000A2E70000064C074D06E0E06840F0010318
:10A7B00094E8070098471034AC42F6D3F5F7E8FC6C
:10A7C000B8C00008D8C0000870B58C1810F8015B3C
:10A7D00015F0070301D110F8013B2A1106D110F83A
:10A7E000012B03E010F8016B01F8016B5B1EF9D13E
:10A7F0002B0705D40023521E0DD401F8013BFAE7C4
:10A8000010F8013BCB1A921C03E013F8015B01F82E
:10A81000015B521EF9D5A142D8D3002070BD02E0E1
:10A8200008C8121F08C1002AFAD1704770470020DB
:10A8300001E001C1121F002AFBD1704710B50028AA
:10A8400021D0114B0022001F196803E0814203D878
:10A850000A4649680029F9D152B11368841A9C420A
:10A8600004D1006818441060104602E0506000E017
:10A87000186039B102680B1A934203D10B681A446D
:10A8800002604968416010BDCC020020F0B50B3079
:10A89000154D20F007010024144A0FE003688B4295
:10A8A0000BD38B4205D95E1A43184768C3E900678A
:10A8B00000E04368136002C004E0021D1068002835
:10A8C000ECD12046002802D1286808B10020F0BD54
:10A8D000064A07481060074A121A22F00702C0E928
:10A8E000002401202860D7E7D0020020CC020020FD
:10A8F000CC120020C814002000000000000000005E
:10A9000000000000000000003F40000000000000C8
:10A9100000003000400030004000000009000BC083
:10A920003D000BC03D00090018C024407FE02240DC
:10A9300031800000180024C01B000D8032400180CF
:10A9400003801C4027401C8007400040100060002E
:10A9500000000000000000000000000000001F8058
:10A96000204040200000402020401F8000000000C8
:10A97000090006001F800600090000000400040012
:10A980003F80040004000000001000600000000090
:10A9900000000000040004000400040004000000A3
:10A9A000000000400000000000000000002001C086
:10A9B00006003800400000001F802040204020405A
:10A9C0001F800000000010403FC000400000000059
:10A9D00018C0214022402440184000001080204030
:10A9E000244024401B80000002000D0011003FC0E5
:10A9F000014000003C80244024402440238000008B
:10AA00001F80244024403440038000003000200098
:10AA100027C03800200000001B8024402440244030
:10AA20001B8000001C0022C0224022401F8000002A
:10AA300000000000084000000000000000000000CE
:10AA40000460000000000000000004000A00110083
:10AA500020804040090009000900090009000000A9
:10AA600000004040208011000A000400180020006F
:10AA700023402400180000001F8020402740294068
:10AA80001F400000004007C039000F0001C0004017
:10AA900020403FC0244024401B8000001F802040F5
:10AAA000204020403080000020403FC02040204017
:10AAB0001F80000020403FC024402E4030C00000D6
:10AAC00020403FC024402E00300000000F001080C6
:10AAD000204022403380020020403FC00400040098
:10AAE0003FC02040204020403FC020402040000088
:10AAF0000060202020203FC02000200020403FC0D8
:10AB000024400B0030C0204020403FC02040004087
:10AB1000004000C03FC03C0003C03C003FC00000FC
:10AB200020403FC00C4023003FC020001F80204039
:10AB3000204020401F80000020403FC024402400CF
:10AB4000180000001F802140214020E01FA00000CD
:10AB500020403FC02440260019C0004018C02440B7
:10AB60002440224031800000300020403FC020407F
:10AB70003000000020003F80004000403F80200067
:10AB800020003E0001C0070038002000380007C048
:10AB90003C0007C038000000204039C0060039C022
:10ABA000204000002000384007C03840200000004E
:10ABB000304021C02640384020C000000000000086
:10ABC0007FE0402040200000000070000C00038067
:10ABD000004000000000402040207FE00000000016
:10ABE00000002000400020000000000000100010C5
:10ABF00000100010001000100000000040000000D5
:10AC000000000000000002800540054003C0004035
:10AC100020003FC004400440038000000000038087
:10AC2000044004400640000000000380044024402B
:10AC30003FC0004000000380054005400340000085
:10AC4000000004401FC0244024402000000002E017
:10AC5000055005500650042020403FC00440040029
:10AC600003C000400000044027C000400000000076
:10AC700000100010041027E00000000020403FC03A
:10AC80000140070004C00440204020403FC0004075
:10AC90000040000007C0040007C0040003C000001B
:10ACA000044007C00440040003C0004000000380CB
:10ACB0000440044003800000041007F004500440E6
:10ACC00003800000000003800440045007F00010DF
:10ACD000044007C0024004000400000000000640D9
:10ACE0000540054004C00000000004001F8004402F
:10ACF00000400000040007800040044007C00040FE
:10AD00000400070004C0018006000400060001C022
:10AD1000070001C006000000044006C0010006C094
:10AD2000044000000410071004E001800600040045
:10AD30000000044005C00640044000000000000080
:10AD400004007BE040200000000000000000FFF055
:10AD500000000000000040207BE004000000000034
:10AD60004000800040002000200040000000000063
:10AD700000000000000000000000000000000000D3
:10AD800000001FCC000C00000000000000000800C4
:10AD9000300060000800300060000000022003FC6A
:10ADA0001E20022003FC1E200220000000000E18BE
:10ADB00011043FFF10840C78000000000F00108485
:10ADC0000F3800C0077818840078000000780F84DE
:10ADD00010C411240E9800E40084000808006800E4
:10ADE00070000000000000000000000000000000F3
:10ADF000000007E018182004400200000000400294
:10AE00002004181807E00000000000000240024083
:10AE100001800FF0018002400240000000800080AD
:10AE200000800FF800800080008000000001000D0D
:10AE3000000E000000000000000000000000008084
:10AE40000080008000800080008000800000000CF6
:10AE5000000C0000000000000000000000000006E0
:10AE6000001800600180060018002000000007F0B4
:10AE7000080810041004080807F000000000080487
:10AE800008041FFC000400040000000000000E0C79
:10AE900010141024104411840E0C000000000C1833
:10AEA00010041104110412880C700000000000E06E
:10AEB0000320042408241FFC0024000000001F9825
:10AEC000108411041104108810700000000007F0B5
:10AED00008881104110418880070000000001C008C
:10AEE000100010FC13001C001000000000000E38C1
:10AEF00011441084108411440E3800000000070033
:10AF0000088C10441044088807F00000000000007E
:10AF10000000030C030C0000000000000000000013
:10AF20000001010600000000000000000000008099
:10AF30000140022004100808100400000220022032
:10AF40000220022002200220022000000000100443
:10AF500008080410022001400080000000000E00DC
:10AF60001200100C106C10800F00000003E00C1891
:10AF700013E4142417C4082807D000000004003C80
:10AF800003C41C40074000E4001C000410041FFC24
:10AF90001104110411040E880070000003E00C1865
:10AFA00010041004100410081C10000010041FFCF2
:10AFB000100410041004080807F0000010041FFC1F
:10AFC0001104110417C410040818000010041FFC19
:10AFD0001104110017C010000800000003E00C1855
:10AFE0001004100410441C780040000010041FFCE2
:10AFF00010840080008010841FFC100400001004E6
:10B0000010041FFC100410040000000000030001E5
:10B01000100110011FFE10001000000010041FFCA2
:10B02000110403801464181C1004000010041FFC99
:10B030001004000400040004000C000010041FFCB5
:10B040001F0000FC1F001FFC1004000010041FFC68
:10B050000C04030000E010181FFC100007F00808A3
:10B06000100410041004080807F0000010041FFC6E
:10B0700010841080108010800F00000007F0081866
:10B0800010241024101C080A07F2000010041FFCF2
:10B090001104110011C011300E0C000400000E1C30
:10B0A00011041084108410441C3800001800100093
:10B0B00010041FFC100410001800000010001FF8FE
:10B0C00010040004000410041FF8100010001E00FB
:10B0D00011E0001C007013801C0010001FC0103C09
:10B0E00000E01F0000E0103C1FC000001004180C1E
:10B0F000163401C001C01634180C100410001C00D6
:10B10000130400FC13041C00100000000804101CB1
:10B110001064108413041C041018000000000000C8
:10B1200000007FFE400240024002000000003000AC
:10B130000C0003800060001C0003000000004002BF
:10B14000400240027FFE00000000000000000000FE
:10B1500020004000400040002000000000010001ED
:10B160000001000100010001000100010000400099
:10B1700040002000000000000000000000000098D7
:10B18000012401440144014400FC000410001FFCA0
:10B1900000880104010400880070000000000070B5
:10B1A0000088010401040104008800000000007010
:10B1B00000880104010411081FFC0004000000F8CD
:10B1C000014401440144014400C80000000001049E
:10B1D00001040FFC1104110411001800000000D636
:10B1E00001290129012901C90106000010041FFCE1
:10B1F000008401000100010400FC000400000104BF
:10B20000190419FC00040004000000000000000301
:10B2100000010101190119FE0000000010041FFCCB
:10B220000024004001B4010C0104000000001004DF
:10B2300010041FFC0004000400000000010401FCD5
:10B240000104010001FC0104010000FC010401FCF7
:10B25000008401000100010400FC0004000000F86B
:10B26000010401040104010400F80000010101FFD0
:10B2700000850104010400880070000000000070D7
:10B28000008801040104010501FF0001010401041B
:10B2900001FC00840104010001800000000000CCDA
:10B2A0000124012401240124019800000000010070
:10B2B000010007F80104010400000000010001F88A
:10B2C000000400040004010801FC000401000180E6
:10B2D0000170000C001001600180010001F0010C00
:10B2E000003001C00030010C01F001000000010439
:10B2F000018C00740170018C0104000001010181C6
:10B300000171000E0018016001800100000001843D
:10B31000010C013401440184010C00000000000014
:10B320000000000001003EFC40024002000000005E
:10B3300000000000FFFF00000000000000004002CD
:10B3400040023EFC01000000000000000000600020
:10B35000800080004000400020002000000000002D
:10B3600000000000000000000000000000000000DD
:10B3700000000000000000000000000000000000CD
:10B380000000000000000000000000000000000FAE
:10B3900080380FFE380F80380000000000000000E9
:10B3A0000000000000000000000001000006000096
:10B3B0000C00003800003100000600000C000038CE
:10B3C0000000300000000000000000006180006705
:10B3D000F807F98000618000618000618000618071
:10B3E0000067F807F980006180000000000000009D
:10B3F000000001C0E003E0F00630080418081FFF59
:10B40000FE040E080787F00381E000000000000042
:10B4100001F000060C00040408060C7001F9C000DD
:10B420000E00003BE000EC18070808040C180003AD
:10B43000E00000000001E00007F003F818041C0819
:10B4400004170807E1D003C0E00023B0003C080067
:10B450002008000010000000000000010000310082
:10B46000003200001C00000000000000000000008E
:10B4700000000000000000000000000000000000CC
:10B480000000000000000000000000007F0001FF3D
:10B49000C00780F00C00181000042000020000001B
:10B4A0000000002000021000040C00180780F001CA
:10B4B000FFC0007F0000000000000000000000004E
:10B4C000000000000000000042000066000066006E
:10B4D000003C0000180003FFC0001800003C000002
:10B4E000660000660000420000000000080000083E
:10B4F0000000080000080000080001FFC00008006C
:10B50000000800000800000800000800000000001B
:10B51000000100003100003200001C0000000000AB
:10B52000000000000000000000000000000000001B
:10B5300000000000080000080000080000080000EB
:10B5400008000008000008000008000008000008CB
:10B55000000000000000000000000000380000387B
:10B5600000003800000000000000000000000000A3
:10B5700000000000000000000000000000060000C5
:10B580001C000070000180000E0000380000C000A8
:10B590000700001C00003000000000000000000058
:10B5A0007F8001FFE003807006001804000804009B
:10B5B0000806001803807001FFE0007F8000000093
:10B5C000000000000000010008010008010008035D
:10B5D000FFF807FFF800000800000800000800005E
:10B5E0000000000000000001C03802C058040098AC
:10B5F000040118040218040418061C1803F81801A2
:10B60000E0F800000000000000000001C0E003C0FE
:10B61000F004000804080804080806180803F418D1
:10B6200001E7F00001E00000000000000000000061
:10B630000300000D000011000061000081080301FB
:10B640000807FFF80FFFF8000108000108000000DC
:10B650000000000000E007FCD006080806100806FD
:10B660001008061008061838060FF00607C000007C
:10B6700000000000000000003F8001FFE003843074
:10B680000208180410080410080410080718100312
:10B690000FF00007C000000000000000000003C021
:10B6A000000700000600000600F80607F80618006C
:10B6B00006E0000700000600000000000000000196
:10B6C000E1E003F7F0063410041808041808040C2D
:10B6D00008040C0806161803F3F001C1E00000008E
:10B6E00000000000F80003FC3003063804020804E0
:10B6F00002080402080404100308F001FFC0007FE0
:10B700000000000000000000000000000000000039
:10B710000000000070380070380070380000000031
:10B720000000000000000000000000000000000019
:10B730000000000000000000301A00301C00000073
:10B7400000000000000000000000000000000000F9
:10B7500000000008000014000022000041000080EA
:10B7600080010040020020040010080008000000D2
:10B770000000000021000021000021000021000045
:10B7800021000021000021000021000021000021F3
:10B790000000000000000000000008000804001085
:10B7A00002002001004000808000410000220000D3
:10B7B000140000080000000000000003C00004C0E6
:10B7C00000040000080038080F3808083808100086
:10B7D0000C300007E00003C0000000000000000083
:10B7E0003F8000FFE0038070020F1006708804C0E5
:10B7F00088048308047F8802C09003012000FE4073
:10B800000000080000180001F8003E0801C200070F
:10B81000020007E20000FE00001FC80001F800005F
:10B820003800000804000807FFF807FFF8040808BC
:10B8300004080804080804080806180803F4180196
:10B84000E7F00001E0000000000000003F8001FF81
:10B85000E0038070020018040008040008040008D7
:10B860000400100600200780C00000000400080744
:10B87000FFF807FFF80400080400080400080400AB
:10B880001802001003807001FFE0007F80000000BC
:10B8900004000807FFF807FFF80408080408080474
:10B8A0000808040808043E080400080600180100FF
:10B8B0006000000004000807FFF807FFF80408080C
:10B8C000040800040800040800043E000600000606
:10B8D0000000018000000000000000003F8001FF28
:10B8E000E00380700600180400080402080402083F
:10B8F0000203F00783F000020000020004000807C2
:10B90000FFF807FFF8040808000800000800000816
:10B910000000080004080807FFF807FFF804000803
:10B9200000000000000004000804000804000807EC
:10B93000FFF807FFF80400080400080400080000EE
:10B9400000000000000000000006000007000001E9
:10B9500004000104000104000307FFFE07FFFC04CC
:10B96000000004000004000004000807FFF807FFBF
:10B97000F8040C08001800003E0004C7800503C846
:10B980000600F80400380400180000080400080746
:10B99000FFF807FFF8040008000008000008000096
:10B9A0000800000800000800001800006000000007
:10B9B00004000807FFF807800807FC00007FC000AC
:10B9C00003F80007C000780007800807FFF807FFAA
:10B9D000F804000804000807FFF807000803C00087
:10B9E00000E000003800001E000007000001C00455
:10B9F00000F007FFF8040000000000007F8001FF56
:10BA0000E00380700600180400080400080600180F
:10BA100003003001FFE0007F800000000400080701
:10BA2000FFF807FFF80404080404000404000404F9
:10BA300000040400060C0003F80001F00000000000
:10BA4000000000007F8001FFE00380700600880492
:10BA500000880400C806003C03003E01FFE6007FAA
:10BA60008400000004000807FFF807FFF804080836
:10BA7000040800040C00040F00040BC00610F003BF
:10BA8000F03801E00800000800000001E0F803F0D1
:10BA900030063010041808041808040C08040C08B8
:10BAA0000206180207F00781E0000000018000068E
:10BAB000000004000004000004000807FFF807FF6E
:10BAC000F8040008040000040000060000018000E3
:10BAD00004000007FFE007FFF00400180000080062
:10BAE000000800000800000800000804001007FF1C
:10BAF000E004000004000006000007E00007FE006C
:10BB0000041FE00001F80000380001E0043E0007D7
:10BB1000C00006000004000004000007E00007FF6A
:10BB2000C0041FF80007C007F80007FF80043FF8B3
:10BB30000007C004F8000700000400000000000433
:10BB4000000806001807C07805F1C8003E00001F75
:10BB5000800463E80780F80600180400080000006D
:10BB600004000006000007800007E008047C0800CD
:10BB70001FF80007F800180804E008070000060096
:10BB8000000400000000000100080600380400F86E
:10BB90000403E8040F08047C0805F00807C0080740
:10BBA0000018040060000000000000000000000019
:10BBB000000000000000003FFFFE20000220000205
:10BBC000200002200002200002000000000000000F
:10BBD000000008000007000000C000003800000658
:10BBE000000001C000003000000E00000100000055
:10BBF00000000000000020000220000220000220BF
:10BC000000022000023FFFFE0000000000000000D4
:10BC1000000000000000000000000000000800001C
:10BC2000100000300000200000300000100000086C
:10BC30000000000000000000000001000001000002
:10BC400001000001000001000001000001000001EE
:10BC500000000100000100000100000100000000E0
:10BC60000000000000200000200000100000100074
:10BC700000000000000000000000000000000000C4
:10BC80000000000000F00019F8001B180022080056
:10BC90002608002408002410003FF8001FF80000C8
:10BCA0000800001800000004000007FFF80FFFF074
:10BCB00000181800100800200800200800301800A4
:10BCC0001FF0000FC00000000000000007C0001FB0
:10BCD000F0001830002008002008002008003C0870
:10BCE000001C1000006000000000000000000000C8
:10BCF00007C0001FF00038180020080020080020AE
:10BD00000804101007FFF80FFFF0000010000000FB
:10BD10000000000000000007C0001FF0001230000B
:10BD20002218002208002208003208001E10000E0F
:10BD30002000000000000000200000200800200873
:10BD400001FFF803FFF80620080420080420080774
:10BD5000200003000000000000000000000E000EA4
:10BD60006E001FF30031B10020B10020B10031910D
:10BD7000001F13002E1E00200E00300000000004E3
:10BD8000000807FFF80FFFF800100800200000204F
:10BD900000002008003FF8001FF800000800000025
:10BDA0000000000000000020080020080020080615
:10BDB0003FF8063FF80000080000080000080000F7
:10BDC000000000000000000000000000030000036D
:10BDD000002001002001002003063FFE063FFC007A
:10BDE000000000000000000000000004000807FF41
:10BDF000F80FFFF8000188000300002FC00038F89A
:10BE000000203800200800000800000000000000AA
:10BE1000000004000804000804000807FFF80FFFF2
:10BE2000F800000800000800000800000000000002
:10BE3000002008003FF8003FF80010080020000034
:10BE40003FF8003FF8001008002000003FF8003FD6
:10BE5000F8000008000000002008003FF8003FF84C
:10BE6000001008001000002000002008003FF8002B
:10BE70001FF80000080000000000000007C0000FCD
:10BE8000F0001830003008002008002008003008BA
:10BE9000001830000FF00007C00000000000000094
:10BEA0002001003FFF003FFF00101100200900208B
:10BEB00008002008003038001FF0000FC00000000C
:10BEC0000000000007C0001FF00038180020080024
:10BED0002008002009001011001FFF003FFF000094
:10BEE00001000000002008002008002008003FF8A2
:10BEF000003FF8000808001008002008002000009B
:10BF00003000003000000000000000000000000CC5
:10BF100078001E180033080023080021080021883B
:10BF20000021980030F000386000000000000000A0
:10BF3000200000200000200000FFF003FFF8002098
:10BF40000800200800200800003000000000000069
:10BF5000000000002000003FF0007FF80000180003
:10BF60000008000008002010003FF8007FF00000EB
:10BF700010000000000000002000003000003C0025
:10BF8000003F800023F00000780000700023800054
:10BF90003C00003000002000002000003C00003F7A
:10BFA000E00023F80000E0002700003E00003FE032
:10BFB0000021F80001E0003E000020000000000029
:10BFC0002008002008003838003E68002780000361
:10BFD000C8002CF8003838002018002008000000A5
:10BFE000000000002000003003003C01003F8300FF
:10BFF00023EC000070002380003C000020000020A3
:10C000000000000000000000000000380800203898
:10C010000020F80023E8002F88003E0800380800C0
:10C020002018000070000000000000000000000068
:10C03000000000000000000008000014001FF7FCD2
:10C040003000062000020000000000000000000098
:10C050000000000000000000000000000000FFFFE2
:10C06000FF000000000000000000000000000000D1
:10C070000000000000002000023000061FF7FC0056
:10C080001400000800000000000000000000000094
:10C0900000000000000000180000600000400000E8
:10C0A0004000002000001000000800000400000410
:10C0B00000000C0000100000D8C0000800000020A4
:10C0C000D4020000C8A70008B8C10008D4020020AC
:10C0D000F41500002EA800080128430202CBB44248
:10C0E000040193847A030A3809010203040607084D
:10C0F000090C211208201B09FC09FCFF08FF080994
:10C10000FD09FF080E7FFC7FF0444244437FFF7F20
:10C11000FE103E12221A224FA66FA4282C04B85DEE
:10C12000B05BFF7EFF7D3041B87FAC7F2410261CC2
:10C13000220C2208023A06320C2218227223E7AFA0
:10C140008FEE3A62F222C2220A220E22072A033A14
:10C15000123018200204020603FEFBFCFAACAAA867
:10C16000ABFFABFFAAEBAAF6AA9CFABCFAF602C395
:10C1700002010280153FE13FE3260EFFFCFFF016AF
:10C180000FF80FF8081AFF011B08180C1912618527
:10C19000030C030C00093A40022004181807E00CB5
:10C1A000BB601F4520011D4320412D0102030404F3
:08C1B0008506070809000000E4
:040000050800018965
:00000001FF
